OrderID,BooleanResult,Weight,ExpressCost,Length,CityWeight,CityExpressCost,CityLength,TrafficWeight,TrafficExpressCost,TrafficLength,CityNumberOrders,CityTrafficNumberOrders,totalNumberOrders,totalNumberCities
0,0,4,15.36,7,26,50.6,21,13,50.6,21,4,4,25,12
1,0,1,2.08,2,12,28.64,9,13,70.08,27,3,6,25,12
2,0,4,19.8,2,30,77.98,8,24,156.08,22,5,9,25,12
3,0,1,14.05,1,16,52.03,4,27,179.8,21,4,10,25,12
4,0,4,12.31,1,16,52.03,4,27,179.8,21,4,10,25,12
5,0,4,4.23,1,8,4.23,1,18,67.8,27,1,6,25,12
6,0,4,20.51,3,30,50.25,9,23,114.41,29,5,9,25,12
7,0,1,8.5,1,30,77.98,8,24,156.08,22,5,9,25,12
8,0,3,8.55,1,30,77.98,8,24,156.08,22,5,9,25,12
9,0,4,2.76,1,30,50.25,9,23,114.41,29,5,9,25,12
10,0,1,1.92,1,4,13.18,4,15,83.25,31,2,8,25,12
11,0,1,13.49,1,16,52.03,4,27,179.8,21,4,10,25,12
12,0,4,10.84,4,26,50.6,21,13,50.6,21,4,4,25,12
13,0,2,24.56,5,12,28.64,9,13,70.08,27,3,6,25,12
14,0,2,2.52,1,30,50.25,9,23,114.41,29,5,9,25,12
15,0,3,2.69,1,30,50.25,9,23,114.41,29,5,9,25,12
16,0,4,20.26,2,30,77.98,8,24,156.08,22,5,9,25,12
17,0,2,12.18,1,16,52.03,4,27,179.8,21,4,10,25,12
18,0,1,12.97,5,2,12.97,5,14,63.57,26,1,5,25,12
19,0,1,11.26,3,4,13.18,4,15,83.25,31,2,8,25,12
20,0,2,13.11,6,26,50.6,21,13,50.6,21,4,4,25,12
21,0,3,20.87,2,30,77.98,8,24,156.08,22,5,9,25,12
22,0,3,11.3,4,26,50.6,21,13,50.6,21,4,4,25,12
23,0,3,2,2,12,28.64,9,13,70.08,27,3,6,25,12
24,0,2,21.77,3,30,50.25,9,23,114.41,29,5,9,25,12
25,1,4,7.1,2,22,26.9,8,29,151.14,45,3,10,25,12
26,0,3,13.87,4,22,26.9,8,29,151.14,45,3,10,25,12
27,0,3,8.35,2,12,18.85,5,21,148.46,41,3,9,25,12
28,0,1,1.62,1,12,18.85,5,21,148.46,41,3,9,25,12
29,0,2,7.15,1,20,29.33,5,28,157.7,39,4,11,25,12
30,0,2,19.14,5,8,33.78,9,4,33.78,9,2,2,25,12
31,0,3,30.23,8,28,90.46,28,18,124.24,37,5,7,25,12
32,0,2,14.38,4,4,14.38,4,19,150.92,43,1,8,25,12
33,0,2,6.57,3,28,90.46,28,18,124.24,37,5,7,25,12
34,0,2,22.78,6,18,40.38,13,38,191.52,58,4,14,25,12
35,0,1,4.11,1,8,24.36,6,30,181.64,53,2,12,25,12
36,0,3,23.5,7,28,90.46,28,18,124.24,37,5,7,25,12
37,0,1,7.44,3,18,40.38,13,38,191.52,58,4,14,25,12
38,0,2,18.47,6,28,90.46,28,18,124.24,37,5,7,25,12
39,0,1,6.22,1,20,29.33,5,28,157.7,39,4,11,25,12
40,1,4,5.93,2,22,26.9,8,29,151.14,45,3,10,25,12
41,0,4,6.54,1,20,29.33,5,28,157.7,39,4,11,25,12
42,0,2,4.42,1,4,4.42,1,15,101.49,26,1,6,25,12
43,0,3,5.5,2,18,40.38,13,38,191.52,58,4,14,25,12
44,0,4,11.69,4,28,90.46,28,18,124.24,37,5,7,25,12
45,0,2,14.64,4,8,33.78,9,4,33.78,9,2,2,25,12
46,0,2,8.88,2,12,18.85,5,21,148.46,41,3,9,25,12
47,0,3,9.42,2,20,29.33,5,28,157.7,39,4,11,25,12
48,0,3,4.66,2,18,40.38,13,38,191.52,58,4,14,25,12
49,0,3,20.25,5,8,24.36,6,30,181.64,53,2,12,25,12
50,0,1,6.61,1,10,19.28,3,23,85.6,26,3,9,25,12
51,0,3,6.86,1,10,19.28,3,23,85.6,26,3,9,25,12
52,0,2,1.88,2,4,1.88,2,14,72.17,25,1,5,25,12
53,0,3,8.26,4,32,40.87,16,28,107.77,42,5,10,25,12
54,0,4,22.16,5,20,52.74,11,10,52.74,11,3,3,25,12
55,1,3,3.25,2,12,13.49,7,26,95.6,43,3,11,25,12
56,0,2,12.99,6,10,31.75,14,15,84.49,25,2,5,25,12
57,0,2,4.1,2,4,4.1,2,26,94.5,41,1,10,25,12
58,0,2,10.13,4,12,13.49,7,26,95.6,43,3,11,25,12
59,0,1,7.53,2,26,25.24,8,27,80.57,31,5,10,25,12
60,0,3,14.2,2,20,52.74,11,10,52.74,11,3,3,25,12
61,0,1,0.94,1,26,25.24,8,27,80.57,31,5,10,25,12
62,1,3,0.96,1,26,25.24,8,27,80.57,31,5,10,25,12
63,1,4,3.5,1,32,40.87,16,28,107.77,42,5,10,25,12
64,0,1,0.11,1,12,13.49,7,26,95.6,43,3,11,25,12
65,0,1,5.81,1,10,19.28,3,23,85.6,26,3,9,25,12
66,0,3,18.76,8,10,31.75,14,15,84.49,25,2,5,25,12
67,0,3,16.38,4,20,52.74,11,10,52.74,11,3,3,25,12
68,0,1,7.95,3,32,40.87,16,28,107.77,42,5,10,25,12
69,0,4,8.23,2,26,25.24,8,27,80.57,31,5,10,25,12
70,0,1,5.09,3,6,13,7,17,85.17,32,2,7,25,12
71,0,4,7.08,3,32,40.87,16,28,107.77,42,5,10,25,12
72,0,2,7.9,4,6,13,7,17,85.17,32,2,7,25,12
73,1,4,14.08,5,32,40.87,16,28,107.77,42,5,10,25,12
74,0,4,7.58,2,26,25.24,8,27,80.57,31,5,10,25,12
75,1,4,1.38,1,20,19.64,7,41,218.73,73,4,16,25,12
76,0,2,10.62,2,26,103.68,26,18,188.05,49,5,8,25,12
77,0,1,5.38,2,20,19.64,7,41,218.73,73,4,16,25,12
78,0,3,6.22,2,20,19.64,7,41,218.73,73,4,16,25,12
79,1,2,1.37,2,18,13.77,8,34,207.48,69,3,13,25,12
80,0,1,20.08,5,10,84.37,23,5,84.37,23,3,3,25,12
81,0,3,12.6,4,10,17.65,6,23,205.7,55,2,10,25,12
82,0,2,11.41,4,20,35.75,12,35,259.44,75,4,14,25,12
83,1,3,4.61,1,20,35.75,12,35,259.44,75,4,14,25,12
84,0,4,20.24,4,26,103.68,26,18,188.05,49,5,8,25,12
85,0,2,6.66,2,20,19.64,7,41,218.73,73,4,16,25,12
86,0,3,26.75,8,26,103.68,26,18,188.05,49,5,8,25,12
87,0,1,27.93,8,26,103.68,26,18,188.05,49,5,8,25,12
88,0,3,30.58,9,10,84.37,23,5,84.37,23,3,3,25,12
89,1,4,5.52,3,18,13.77,8,34,207.48,69,3,13,25,12
90,0,1,2.45,1,14,36.11,13,28,231.19,66,3,12,25,12
91,0,3,8.38,3,20,35.75,12,35,259.44,75,4,14,25,12
92,0,3,6.88,3,18,13.77,8,34,207.48,69,3,13,25,12
93,0,2,17.23,6,14,36.11,13,28,231.19,66,3,12,25,12
94,0,1,33.71,9,10,84.37,23,5,84.37,23,3,3,25,12
95,0,4,16.43,6,14,36.11,13,28,231.19,66,3,12,25,12
96,0,3,18.14,4,26,103.68,26,18,188.05,49,5,8,25,12
97,0,2,5.05,2,10,17.65,6,23,205.7,55,2,10,25,12
98,0,4,9.94,4,8,9.94,4,28,206.31,65,1,11,25,12
99,1,2,11.34,4,20,35.75,12,35,259.44,75,4,14,25,12
100,0,1,27.8,7,16,99.76,23,22,235.77,47,4,8,25,12
101,0,4,33.58,6,8,33.58,6,14,136.01,24,1,4,25,12
102,0,1,16.11,6,8,33.34,11,26,269.1,58,2,10,25,12
103,0,3,23.86,7,16,99.76,23,22,235.77,47,4,8,25,12
104,0,1,0.82,1,10,1.61,2,29,108.49,50,2,13,25,12
105,0,2,3.13,2,24,12.02,6,35,156.93,61,4,15,25,12
106,1,2,6.93,5,12,16.76,11,32,285.86,69,3,13,25,12
107,0,4,33.67,6,20,102.43,18,10,102.43,18,3,3,25,12
108,0,3,7.68,5,12,16.76,11,32,285.86,69,3,13,25,12
109,0,2,3.84,3,22,8.97,8,37,218.74,70,4,15,25,12
110,0,3,29.83,5,20,102.43,18,10,102.43,18,3,3,25,12
111,0,2,3.82,3,22,8.97,8,37,218.74,70,4,15,25,12
112,0,4,2.85,1,24,12.02,6,35,156.93,61,4,15,25,12
113,0,4,0.79,1,10,1.61,2,29,108.49,50,2,13,25,12
114,0,4,5.17,4,10,10.42,8,30,243.43,68,2,12,25,12
115,0,3,20.87,3,16,99.76,23,22,235.77,47,4,8,25,12
116,0,1,27.23,6,16,99.76,23,22,235.77,47,4,8,25,12
117,1,3,2.76,1,24,12.02,6,35,156.93,61,4,15,25,12
118,1,3,0.69,1,22,8.97,8,37,218.74,70,4,15,25,12
119,0,3,17.23,5,8,33.34,11,26,269.1,58,2,10,25,12
120,1,4,0.62,1,22,8.97,8,37,218.74,70,4,15,25,12
121,0,1,5.25,4,10,10.42,8,30,243.43,68,2,12,25,12
122,0,1,2.15,1,12,16.76,11,32,285.86,69,3,13,25,12
123,0,3,3.28,2,24,12.02,6,35,156.93,61,4,15,25,12
124,0,3,38.93,7,20,102.43,18,10,102.43,18,3,3,25,12
125,0,4,3.4,1,30,19.9,6,30,73.2,28,6,12,25,12
126,0,2,32.58,7,8,48.65,9,12,125.03,24,2,6,25,12
127,0,1,4.78,2,8,9.3,4,29,132.97,49,2,12,25,12
128,0,3,17.4,7,8,28.77,11,15,138.93,33,2,7,25,12
129,1,3,3.26,1,30,19.9,6,30,73.2,28,6,12,25,12
130,0,1,6.38,3,8,14.86,7,15,130.54,42,2,8,25,12
131,0,3,28.54,7,16,76.37,15,8,76.37,15,4,4,25,12
132,0,3,15.02,3,16,76.37,15,8,76.37,15,4,4,25,12
133,0,3,8.48,4,8,14.86,7,15,130.54,42,2,8,25,12
134,1,3,9.24,4,28,32.25,14,29,162.79,56,4,12,25,12
135,1,3,6.22,3,28,32.25,14,29,162.79,56,4,12,25,12
136,0,1,14.87,2,16,76.37,15,8,76.37,15,4,4,25,12
137,1,4,6.61,3,28,32.25,14,29,162.79,56,4,12,25,12
138,0,4,10.18,4,28,32.25,14,29,162.79,56,4,12,25,12
139,0,1,3.27,1,30,19.9,6,30,73.2,28,6,12,25,12
140,0,1,3.65,1,30,19.9,6,30,73.2,28,6,12,25,12
141,0,1,7.17,3,2,7.17,3,29,158.59,55,1,12,25,12
142,0,1,17.94,3,16,76.37,15,8,76.37,15,4,4,25,12
143,0,2,16.07,2,8,48.65,9,12,125.03,24,2,6,25,12
144,0,2,3.07,1,30,19.9,6,30,73.2,28,6,12,25,12
145,0,1,11.37,4,8,28.77,11,15,138.93,33,2,7,25,12
146,1,4,3.25,1,30,19.9,6,30,73.2,28,6,12,25,12
147,0,3,4.52,2,8,9.3,4,29,132.97,49,2,12,25,12
148,0,1,11.61,5,4,25.78,10,11,115.67,35,2,6,25,12
149,0,1,14.16,5,4,25.78,10,11,115.67,35,2,6,25,12
150,0,4,16.85,5,26,84.6,21,29,281.84,74,5,13,25,12
151,0,3,9.75,3,22,128.13,38,15,158.94,46,6,7,25,12
152,0,2,0.06,1,6,6.69,3,18,165.63,49,2,9,25,12
153,1,2,1.41,1,14,10.25,6,40,309.81,84,3,17,25,12
154,0,1,20.9,5,26,84.6,21,29,281.84,74,5,13,25,12
155,0,3,24.81,8,22,128.13,38,15,158.94,46,6,7,25,12
156,0,1,20.09,4,8,48.04,10,20,213.61,58,2,10,25,12
157,0,1,5.4,3,14,10.25,6,40,309.81,84,3,17,25,12
158,1,4,15.36,4,12,29.99,8,33,299.56,78,2,14,25,12
159,0,1,16.71,4,26,84.6,21,29,281.84,74,5,13,25,12
160,0,4,2.35,1,16,4.85,2,32,189.7,55,2,12,25,12
161,0,1,25.65,8,22,128.13,38,15,158.94,46,6,7,25,12
162,1,1,1.82,1,10,6.5,3,39,281.67,79,2,16,25,12
163,0,3,13.14,3,26,84.6,21,29,281.84,74,5,13,25,12
164,0,1,27.02,7,22,128.13,38,15,158.94,46,6,7,25,12
165,0,4,30.82,8,8,30.82,8,4,30.82,8,1,1,25,12
166,0,2,14.63,4,12,29.99,8,33,299.56,78,2,14,25,12
167,0,2,12.27,4,22,128.13,38,15,158.94,46,6,7,25,12
168,0,4,17,4,26,84.6,21,29,281.84,74,5,13,25,12
169,0,1,6.63,2,6,6.69,3,18,165.63,49,2,9,25,12
170,0,4,4.67,2,10,6.5,3,39,281.67,79,2,16,25,12
171,0,3,27.96,6,8,48.04,10,20,213.61,58,2,10,25,12
172,0,1,28.63,8,22,128.13,38,15,158.94,46,6,7,25,12
173,1,4,3.44,2,14,10.25,6,40,309.81,84,3,17,25,12
174,0,4,2.49,1,16,4.85,2,32,189.7,55,2,12,25,12
175,0,3,1.05,1,22,27.26,13,13,53.62,21,5,6,25,12
176,1,4,4.04,1,24,35.7,9,25,99.17,33,4,9,25,12
177,0,3,21.34,5,24,35.7,9,25,99.17,33,4,9,25,12
178,0,1,1.39,1,16,54.01,12,24,145.84,43,4,11,25,12
179,0,1,6.44,1,12,26.13,4,13,85.54,15,4,7,25,12
180,0,1,6.9,1,12,26.13,4,13,85.54,15,4,7,25,12
181,0,2,15.89,4,14,23.81,9,18,98.84,34,4,9,25,12
182,0,3,7.91,3,22,27.26,13,13,53.62,21,5,6,25,12
183,0,2,11.34,2,12,31.84,5,24,160.03,38,2,9,25,12
184,0,4,13.71,3,16,54.01,12,24,145.84,43,4,11,25,12
185,0,1,21.02,4,16,54.01,12,24,145.84,43,4,11,25,12
186,0,1,5.42,2,24,35.7,9,25,99.17,33,4,9,25,12
187,0,2,26.36,8,4,26.36,8,2,26.36,8,1,1,25,12
188,0,1,1.59,1,14,23.81,9,18,98.84,34,4,9,25,12
189,0,4,4.9,1,24,35.7,9,25,99.17,33,4,9,25,12
190,0,2,17.88,4,16,54.01,12,24,145.84,43,4,11,25,12
191,0,3,3.37,2,14,23.81,9,18,98.84,34,4,9,25,12
192,0,3,7.29,3,22,27.26,13,13,53.62,21,5,6,25,12
193,0,1,6.12,1,12,26.13,4,13,85.54,15,4,7,25,12
194,0,3,6.67,1,12,26.13,4,13,85.54,15,4,7,25,12
195,0,1,9.92,5,22,27.26,13,13,53.62,21,5,6,25,12
196,0,1,2.96,2,14,23.81,9,18,98.84,34,4,9,25,12
197,1,4,11.99,5,8,11.99,5,13,63.47,24,1,5,25,12
198,0,4,20.5,3,12,31.84,5,24,160.03,38,2,9,25,12
199,0,1,1.09,1,22,27.26,13,13,53.62,21,5,6,25,12
200,0,2,12.03,2,16,38.52,6,23,178.22,51,3,11,25,12
201,0,3,19.76,8,16,53.79,19,8,53.79,19,3,3,25,12
202,0,1,13.41,5,18,39.75,16,23,132.94,55,4,11,25,12
203,0,1,5.58,3,18,39.75,16,23,132.94,55,4,11,25,12
204,0,4,5.68,2,16,53.79,19,8,53.79,19,3,3,25,12
205,0,1,5.63,3,14,15.75,8,30,148.68,63,3,14,25,12
206,0,3,4.48,2,14,15.75,8,30,148.68,63,3,14,25,12
207,0,4,2.61,1,28,47.69,23,19,100.07,42,6,9,25,12
208,0,2,16.02,6,28,47.69,23,19,100.07,42,6,9,25,12
209,0,2,13.81,2,16,38.52,6,23,178.22,51,3,11,25,12
210,0,2,14.93,4,12,34.17,10,29,175.09,68,3,15,25,12
211,0,2,13.94,3,4,13.94,3,24,162.95,58,1,12,25,12
212,0,2,7.72,5,28,47.69,23,19,100.07,42,6,9,25,12
213,0,4,2.43,2,18,39.75,16,23,132.94,55,4,11,25,12
214,0,3,4.28,2,12,34.17,10,29,175.09,68,3,15,25,12
215,0,1,4.27,2,2,4.27,2,9,58.06,21,1,4,25,12
216,0,1,7.66,4,28,47.69,23,19,100.07,42,6,9,25,12
217,0,3,5.63,3,14,15.75,8,30,148.68,63,3,14,25,12
218,0,1,14.97,4,12,34.17,10,29,175.09,68,3,15,25,12
219,0,3,18.33,6,18,39.75,16,23,132.94,55,4,11,25,12
220,0,3,5.34,3,28,47.69,23,19,100.07,42,6,9,25,12
221,0,4,4.26,1,8,4.26,1,21,133.29,33,1,9,25,12
222,0,2,8.35,4,28,47.69,23,19,100.07,42,6,9,25,12
223,0,1,28.35,9,16,53.79,19,8,53.79,19,3,3,25,12
224,0,4,12.68,2,16,38.52,6,23,178.22,51,3,11,25,12
225,0,3,19.42,3,12,45.88,8,23,169.41,40,2,8,25,12
226,0,4,1.23,1,18,3.91,5,31,212.54,55,3,12,25,12
227,0,4,29.17,8,42,124.02,33,21,124.02,33,7,7,25,12
228,1,2,0.99,1,18,3.91,5,31,212.54,55,3,12,25,12
229,0,3,0.07,1,24,0.37,6,23,51.51,22,6,9,25,12
230,0,4,2.44,1,8,2.44,1,4,2.44,1,1,1,25,12
231,0,3,0.06,1,24,0.37,6,23,51.51,22,6,9,25,12
232,0,3,26.46,5,12,45.88,8,23,169.41,40,2,8,25,12
233,0,2,5.74,3,4,5.74,3,22,208.63,50,1,9,25,12
234,0,3,28.06,7,42,124.02,33,21,124.02,33,7,7,25,12
235,0,2,0.06,1,24,0.37,6,23,51.51,22,6,9,25,12
236,0,2,0.06,1,24,0.37,6,23,51.51,22,6,9,25,12
237,0,4,20.28,5,16,31.35,6,27,233.38,51,2,10,25,12
238,0,1,0.06,1,24,0.37,6,23,51.51,22,6,9,25,12
239,0,3,1.69,3,18,3.91,5,31,212.54,55,3,12,25,12
240,0,4,0.45,1,8,0.45,1,22,131.12,37,1,8,25,12
241,0,4,11.07,1,16,31.35,6,27,233.38,51,2,10,25,12
242,0,2,9.84,3,42,124.02,33,21,124.02,33,7,7,25,12
243,0,4,3.27,2,42,124.02,33,21,124.02,33,7,7,25,12
244,0,3,23.91,6,42,124.02,33,21,124.02,33,7,7,25,12
245,0,1,29.28,6,42,124.02,33,21,124.02,33,7,7,25,12
246,0,1,22.7,5,4,45.74,10,21,211.87,48,2,9,25,12
247,0,4,0.5,1,42,124.02,33,21,124.02,33,7,7,25,12
248,0,1,0.06,1,24,0.37,6,23,51.51,22,6,9,25,12
249,0,1,23.03,5,4,45.74,10,21,211.87,48,2,9,25,12
250,0,2,1.85,1,16,18.07,7,16,89.45,25,4,8,25,12
251,0,1,1.86,1,16,18.07,7,16,89.45,25,4,8,25,12
252,0,4,19.87,4,8,19.87,4,16,94.38,27,1,6,25,12
253,0,3,22.28,4,18,40.67,6,23,140.71,31,3,9,25,12
254,0,3,8.72,4,32,63.95,23,16,63.95,23,7,7,25,12
255,0,2,23.71,7,32,63.95,23,16,63.95,23,7,7,25,12
256,0,2,17.31,5,32,63.95,23,16,63.95,23,7,7,25,12
257,0,1,7.39,1,10,39.45,9,16,119.93,27,4,8,25,12
258,0,3,2.55,1,6,2.55,1,5,24.36,8,1,3,25,12
259,0,1,13.08,4,10,39.45,9,16,119.93,27,4,8,25,12
260,0,1,6.68,1,10,39.45,9,16,119.93,27,4,8,25,12
261,0,2,3.74,2,32,63.95,23,16,63.95,23,7,7,25,12
262,0,1,8.73,3,16,18.07,7,16,89.45,25,4,8,25,12
263,0,2,9.4,3,32,63.95,23,16,63.95,23,7,7,25,12
264,0,1,9.18,2,6,23.79,5,17,108.76,29,2,7,25,12
265,0,1,0.48,1,32,63.95,23,16,63.95,23,7,7,25,12
266,0,3,15.35,4,10,19.03,5,16,81.92,26,2,7,25,12
267,0,4,0.58,1,32,63.95,23,16,63.95,23,7,7,25,12
268,1,4,9.23,1,18,40.67,6,23,140.71,31,3,9,25,12
269,0,2,14.62,3,6,23.79,5,17,108.76,29,2,7,25,12
270,0,2,9.16,1,18,40.67,6,23,140.71,31,3,9,25,12
271,0,2,12.31,3,10,39.45,9,16,119.93,27,4,8,25,12
272,0,4,5.62,2,16,18.07,7,16,89.45,25,4,8,25,12
273,0,4,3.76,1,8,3.76,1,15,65.79,17,1,6,25,12
274,0,2,3.68,1,10,19.03,5,16,81.92,26,2,7,25,12
275,1,3,2.13,1,44,16.65,7,26,63.14,17,7,9,25,12
276,0,1,5.95,2,12,19.57,8,6,19.57,8,3,3,25,12
277,0,1,1.73,1,18,39.02,8,12,71.79,15,4,5,25,12
278,0,1,2.31,1,8,4.32,2,15,94.52,22,2,6,25,12
279,0,4,12.04,2,18,39.02,8,12,71.79,15,4,5,25,12
280,0,3,14.49,3,12,26.17,5,17,110.66,26,2,6,25,12
281,0,2,2.57,1,44,16.65,7,26,63.14,17,7,9,25,12
282,0,4,10.66,1,26,39.39,4,24,109.46,18,4,8,25,12
283,1,4,9.19,1,26,39.39,4,24,109.46,18,4,8,25,12
284,0,2,8.55,1,26,39.39,4,24,109.46,18,4,8,25,12
285,0,3,2.27,1,44,16.65,7,26,63.14,17,7,9,25,12
286,0,1,13.72,3,18,39.02,8,12,71.79,15,4,5,25,12
287,0,4,22.9,5,10,42.95,10,11,62.52,18,2,5,25,12
288,0,4,2.47,1,44,16.65,7,26,63.14,17,7,9,25,12
289,0,3,11.68,2,12,26.17,5,17,110.66,26,2,6,25,12
290,0,2,4.85,2,12,19.57,8,6,19.57,8,3,3,25,12
291,0,3,8.77,4,12,19.57,8,6,19.57,8,3,3,25,12
292,0,4,2.35,1,44,16.65,7,26,63.14,17,7,9,25,12
293,0,3,32.77,7,6,32.77,7,11,84.49,21,1,4,25,12
294,0,3,2.01,1,8,4.32,2,15,94.52,22,2,6,25,12
295,0,3,11.53,2,18,39.02,8,12,71.79,15,4,5,25,12
296,1,3,2.18,1,44,16.65,7,26,63.14,17,7,9,25,12
297,0,3,2.68,1,44,16.65,7,26,63.14,17,7,9,25,12
298,0,1,20.05,5,10,42.95,10,11,62.52,18,2,5,25,12
299,0,3,11,1,26,39.39,4,24,109.46,18,4,8,25,12
300,0,4,25.65,6,34,86.32,20,26,183.07,46,6,10,25,12
301,0,1,24.01,5,34,86.32,20,26,183.07,46,6,10,25,12
302,0,1,16.41,4,8,22.32,5,37,249.45,62,2,13,25,12
303,0,4,17.49,4,26,67.03,16,33,227.13,57,4,11,25,12
304,0,2,2.72,1,8,7.6,3,32,223.18,56,2,13,25,12
305,0,1,28.11,8,18,91.21,26,9,91.21,26,4,4,25,12
306,0,4,33.73,9,18,91.21,26,9,91.21,26,4,4,25,12
307,0,4,4.08,1,34,86.32,20,26,183.07,46,6,10,25,12
308,0,4,18.31,4,26,67.03,16,33,227.13,57,4,11,25,12
309,0,3,10.95,3,34,86.32,20,26,183.07,46,6,10,25,12
310,0,2,4.88,2,8,7.6,3,32,223.18,56,2,13,25,12
311,0,1,16.3,4,26,67.03,16,33,227.13,57,4,11,25,12
312,0,2,10.26,2,8,20.63,5,32,232.3,57,2,12,25,12
313,0,2,10.37,3,8,20.63,5,32,232.3,57,2,12,25,12
314,0,1,8.46,3,18,91.21,26,9,91.21,26,4,4,25,12
315,1,3,5.92,1,8,22.32,5,37,249.45,62,2,13,25,12
316,0,3,20.91,6,18,91.21,26,9,91.21,26,4,4,25,12
317,0,1,4.9,1,34,86.32,20,26,183.07,46,6,10,25,12
318,0,3,1.52,1,6,1.52,1,16,92.57,25,1,6,25,12
319,0,2,7.96,2,8,23.04,6,13,114.25,32,3,7,25,12
320,0,3,8.56,1,6,8.56,1,15,121.72,32,1,7,25,12
321,0,1,13.99,3,8,23.04,6,13,114.25,32,3,7,25,12
322,0,4,16.73,4,34,86.32,20,26,183.07,46,6,10,25,12
323,0,1,1.09,1,8,23.04,6,13,114.25,32,3,7,25,12
324,1,4,14.93,4,26,67.03,16,33,227.13,57,4,11,25,12
325,0,2,2.21,1,12,4.54,2,35,260.08,70,2,13,25,12
326,0,3,14.65,4,18,21.25,7,33,240.14,68,3,11,25,12
327,0,1,2.69,1,2,2.69,1,32,241.03,68,1,11,25,12
328,0,4,34,9,38,154.51,40,19,154.51,40,6,6,25,12
329,0,4,14.98,5,38,154.51,40,19,154.51,40,6,6,25,12
330,0,2,3.62,1,12,7.96,2,25,156.57,42,2,8,25,12
331,0,4,4.34,1,12,7.96,2,25,156.57,42,2,8,25,12
332,0,1,27.32,8,16,52.75,18,24,198.2,57,3,8,25,12
333,0,3,0.95,2,16,52.75,18,24,198.2,57,3,8,25,12
334,0,4,34.77,9,38,154.51,40,19,154.51,40,6,6,25,12
335,1,4,4.8,2,18,21.25,7,33,240.14,68,3,11,25,12
336,0,1,32.23,8,38,154.51,40,19,154.51,40,6,6,25,12
337,0,3,29.48,8,38,154.51,40,19,154.51,40,6,6,25,12
338,0,2,1.8,1,18,21.25,7,33,240.14,68,3,11,25,12
339,0,3,21.64,6,6,21.64,6,27,219.84,63,1,9,25,12
340,0,3,9.05,1,38,154.51,40,19,154.51,40,6,6,25,12
341,0,1,7.12,1,16,22.99,4,31,245.01,64,3,11,25,12
342,0,4,24.48,8,16,52.75,18,24,198.2,57,3,8,25,12
343,0,3,9.94,2,16,22.99,4,31,245.01,64,3,11,25,12
344,1,1,9.13,2,16,44.11,9,31,262.67,69,4,12,25,12
345,0,2,9.75,2,16,44.11,9,31,262.67,69,4,12,25,12
346,0,2,7.12,1,16,44.11,9,31,262.67,69,4,12,25,12
347,0,3,18.1,4,16,44.11,9,31,262.67,69,4,12,25,12
348,1,4,2.33,1,12,4.54,2,35,260.08,70,2,13,25,12
349,1,4,5.93,1,16,22.99,4,31,245.01,64,3,11,25,12
350,1,3,3.03,2,16,32.58,8,28,171.01,53,3,12,25,12
351,0,1,31.39,5,14,68.34,13,25,154.25,52,4,12,25,12
352,1,4,4.69,3,20,18.6,9,22,88.06,42,3,9,25,12
353,0,1,15.86,3,16,32.58,8,28,171.01,53,3,12,25,12
354,0,3,31.64,9,22,66.07,25,11,66.07,25,6,6,25,12
355,0,2,22.38,3,6,25.77,4,21,158.33,35,2,9,25,12
356,1,2,4.66,2,14,68.34,13,25,154.25,52,4,12,25,12
357,0,1,10.2,1,12,49.9,5,20,193.3,33,3,9,25,12
358,0,1,7.11,5,12,15.84,12,14,73.9,35,3,7,25,12
359,0,2,10.56,6,22,66.07,25,11,66.07,25,6,6,25,12
360,0,2,9,1,4,9,1,16,162.56,27,1,7,25,12
361,0,1,11.43,6,22,66.07,25,11,66.07,25,6,6,25,12
362,0,1,4.14,1,22,66.07,25,11,66.07,25,6,6,25,12
363,0,3,8.52,4,20,18.6,9,22,88.06,42,3,9,25,12
364,0,2,3.87,1,22,66.07,25,11,66.07,25,6,6,25,12
365,0,1,3.86,1,14,68.34,13,25,154.25,52,4,12,25,12
366,0,2,21.15,2,12,49.9,5,20,193.3,33,3,9,25,12
367,0,3,5.38,2,20,18.6,9,22,88.06,42,3,9,25,12
368,0,4,13.69,3,16,32.58,8,28,171.01,53,3,12,25,12
369,0,1,3.39,1,6,25.77,4,21,158.33,35,2,9,25,12
370,0,3,28.43,5,14,68.34,13,25,154.25,52,4,12,25,12
371,0,1,6.58,4,12,15.84,12,14,73.9,35,3,7,25,12
372,0,4,2.15,3,12,15.84,12,14,73.9,35,3,7,25,12
373,0,2,4.43,2,22,66.07,25,11,66.07,25,6,6,25,12
374,0,3,18.56,2,12,49.9,5,20,193.3,33,3,9,25,12
375,0,2,2.4,2,40,165.18,34,35,334.04,76,9,15,25,12
376,0,1,24.29,4,40,165.18,34,35,334.04,76,9,15,25,12
377,0,3,23.73,4,40,165.18,34,35,334.04,76,9,15,25,12
378,0,4,25.94,6,40,165.18,34,35,334.04,76,9,15,25,12
379,0,1,5.66,2,20,103.81,26,10,103.81,26,4,4,25,12
380,0,1,2.31,1,40,165.18,34,35,334.04,76,9,15,25,12
381,0,2,23.4,4,6,43.49,6,33,364.93,77,2,14,25,12
382,0,1,20.09,2,6,43.49,6,33,364.93,77,2,14,25,12
383,0,1,19.55,2,18,85.52,12,40,448.05,87,4,17,25,12
384,0,4,1.13,1,8,1.13,1,30,270.59,65,1,12,25,12
385,0,4,25.07,4,40,165.18,34,35,334.04,76,9,15,25,12
386,0,4,4.42,3,8,4.42,3,39,400.55,82,1,16,25,12
387,0,2,30.01,6,40,165.18,34,35,334.04,76,9,15,25,12
388,0,2,28.89,6,40,165.18,34,35,334.04,76,9,15,25,12
389,0,3,22.62,4,18,85.52,12,40,448.05,87,4,17,25,12
390,0,1,2.55,1,40,165.18,34,35,334.04,76,9,15,25,12
391,0,1,24.84,4,18,85.52,12,40,448.05,87,4,17,25,12
392,0,2,32.08,9,20,103.81,26,10,103.81,26,4,4,25,12
393,0,3,34.25,9,20,103.81,26,10,103.81,26,4,4,25,12
394,0,2,3.45,2,4,3.45,2,28,292.86,68,1,12,25,12
395,0,1,30.87,7,2,30.87,7,15,168.86,42,1,6,25,12
396,0,2,32.1,8,10,39.84,11,15,143.64,37,2,6,25,12
397,0,4,18.5,2,18,85.52,12,40,448.05,87,4,17,25,12
398,0,4,31.82,6,20,103.81,26,10,103.81,26,4,4,25,12
399,0,3,7.74,3,10,39.84,11,15,143.64,37,2,6,25,12
400,0,3,12.03,3,42,69.52,18,33,162.87,40,6,10,25,12
401,0,2,25.63,7,26,102.44,23,13,102.44,23,5,5,25,12
402,0,3,12.02,3,42,69.52,18,33,162.87,40,6,10,25,12
403,0,4,9.25,2,42,69.52,18,33,162.87,40,6,10,25,12
404,0,3,8.3,2,22,56.78,18,40,208.43,56,4,13,25,12
405,0,4,16.3,5,42,69.52,18,33,162.87,40,6,10,25,12
406,0,4,4.35,2,8,4.35,2,37,195,54,1,12,25,12
407,0,1,1.08,1,2,1.08,1,19,108.5,36,1,8,25,12
408,0,1,2.7,1,18,8.33,3,19,78.46,26,3,7,25,12
409,0,4,2.78,1,16,12.18,6,31,147.74,47,3,11,25,12
410,0,2,31.34,8,26,102.44,23,13,102.44,23,5,5,25,12
411,0,4,25.15,5,26,102.44,23,13,102.44,23,5,5,25,12
412,0,1,15.7,4,22,56.78,18,40,208.43,56,4,13,25,12
413,0,1,9.09,1,26,102.44,23,13,102.44,23,5,5,25,12
414,0,3,3.4,2,16,12.18,6,31,147.74,47,3,11,25,12
415,0,3,16.41,6,22,56.78,18,40,208.43,56,4,13,25,12
416,0,4,5.53,2,14,13.8,5,31,165.06,48,2,10,25,12
417,0,3,8.27,3,14,13.8,5,31,165.06,48,2,10,25,12
418,0,4,11.39,3,42,69.52,18,33,162.87,40,6,10,25,12
419,0,4,16.37,6,22,56.78,18,40,208.43,56,4,13,25,12
420,0,4,2.95,1,18,8.33,3,19,78.46,26,3,7,25,12
421,0,4,11.22,2,26,102.44,23,13,102.44,23,5,5,25,12
422,0,1,6.01,3,16,12.18,6,31,147.74,47,3,11,25,12
423,0,4,2.69,1,18,8.33,3,19,78.46,26,3,7,25,12
424,0,3,8.53,2,42,69.52,18,33,162.87,40,6,10,25,12
425,0,4,2.08,1,16,3.94,2,21,66.3,20,2,6,25,12
426,0,4,8.5,3,44,27.73,14,30,67.9,27,6,8,25,12
427,0,2,9.62,2,12,30.89,8,19,92.18,26,2,6,25,12
428,0,4,1.9,1,20,8.07,4,21,51.39,16,4,8,25,12
429,1,4,1.13,1,44,27.73,14,30,67.9,27,6,8,25,12
430,1,3,7.01,2,20,27.46,7,29,84.73,26,4,10,25,12
431,0,2,7.95,3,44,27.73,14,30,67.9,27,6,8,25,12
432,1,4,1.39,2,44,27.73,14,30,67.9,27,6,8,25,12
433,0,3,15.41,4,20,48.71,15,10,48.71,15,3,3,25,12
434,0,1,2.11,1,20,8.07,4,21,51.39,16,4,8,25,12
435,0,3,2.12,1,20,8.07,4,21,51.39,16,4,8,25,12
436,0,4,7.17,3,44,27.73,14,30,67.9,27,6,8,25,12
437,0,2,1.94,1,20,8.07,4,21,51.39,16,4,8,25,12
438,0,2,6.35,2,18,12.86,5,35,79.63,31,3,10,25,12
439,0,3,12.58,3,6,12.58,3,13,61.29,18,1,4,25,12
440,0,4,21.27,6,12,30.89,8,19,92.18,26,2,6,25,12
441,0,4,18.89,7,20,48.71,15,10,48.71,15,3,3,25,12
442,1,4,1.86,1,16,3.94,2,21,66.3,20,2,6,25,12
443,1,3,5.4,1,20,27.46,7,29,84.73,26,4,10,25,12
444,0,3,14.41,4,20,48.71,15,10,48.71,15,3,3,25,12
445,1,4,0.49,1,18,12.86,5,35,79.63,31,3,10,25,12
446,1,4,1.59,2,44,27.73,14,30,67.9,27,6,8,25,12
447,0,1,6.98,2,20,27.46,7,29,84.73,26,4,10,25,12
448,0,3,8.07,2,20,27.46,7,29,84.73,26,4,10,25,12
449,1,3,6.02,2,18,12.86,5,35,79.63,31,3,10,25,12
450,0,1,18.52,3,18,98.38,16,28,276.23,51,5,13,25,12
451,0,4,6.67,1,14,14.73,2,8,24.64,4,2,3,25,12
452,0,3,1.65,1,10,12.84,4,13,68.1,15,3,6,25,12
453,0,1,9.9,2,10,12.84,4,13,68.1,15,3,6,25,12
454,0,1,25.76,6,14,72.47,17,7,72.47,17,3,3,25,12
455,1,3,10.95,2,18,52.44,10,33,313.62,58,3,14,25,12
456,0,1,23.74,4,18,98.38,16,28,276.23,51,5,13,25,12
457,0,3,21.31,5,14,72.47,17,7,72.47,17,3,3,25,12
458,0,4,23.79,4,18,98.38,16,28,276.23,51,5,13,25,12
459,0,3,21.42,4,18,52.44,10,33,313.62,58,3,14,25,12
460,0,3,25.4,6,14,72.47,17,7,72.47,17,3,3,25,12
461,0,1,28.08,5,28,109.02,19,21,181.5,36,6,9,25,12
462,0,2,6.29,1,4,6.29,1,25,245.82,46,1,11,25,12
463,0,2,9.38,2,28,109.02,19,21,181.5,36,6,9,25,12
464,0,1,1.29,1,10,12.84,4,13,68.1,15,3,6,25,12
465,0,1,18.15,3,28,109.02,19,21,181.5,36,6,9,25,12
466,0,2,5.67,1,18,98.38,16,28,276.23,51,5,13,25,12
467,0,4,18.93,3,28,109.02,19,21,181.5,36,6,9,25,12
468,0,1,26.66,4,18,98.38,16,28,276.23,51,5,13,25,12
469,0,3,8.06,1,14,14.73,2,8,24.64,4,2,3,25,12
470,0,3,20.06,4,18,52.44,10,33,313.62,58,3,14,25,12
471,0,4,30.84,5,28,109.02,19,21,181.5,36,6,9,25,12
472,0,1,4.41,1,6,18.18,4,31,294.72,56,2,14,25,12
473,0,2,13.77,3,6,18.18,4,31,294.72,56,2,14,25,12
474,0,2,3.65,1,28,109.02,19,21,181.5,36,6,9,25,12
475,0,2,22.93,5,16,43.42,9,33,258.51,56,3,13,25,12
476,0,2,0.59,1,26,2.18,4,16,12.42,8,4,5,25,12
477,0,2,24,5,24,105.48,22,25,215.09,47,4,10,25,12
478,0,2,0.83,1,8,1.57,2,7,11.81,6,2,3,25,12
479,0,2,0.74,1,8,1.57,2,7,11.81,6,2,3,25,12
480,0,4,0.54,1,26,2.18,4,16,12.42,8,4,5,25,12
481,0,2,6.29,1,4,6.29,1,15,107.65,24,1,6,25,12
482,0,2,9.93,2,16,26,8,24,178.58,41,4,10,25,12
483,0,3,27.82,6,24,105.48,22,25,215.09,47,4,10,25,12
484,0,3,0.52,1,26,2.18,4,16,12.42,8,4,5,25,12
485,0,2,24.17,6,28,113.89,26,14,113.89,26,7,7,25,12
486,0,1,11.76,3,28,113.89,26,14,113.89,26,7,7,25,12
487,0,2,2.98,1,16,26,8,24,178.58,41,4,10,25,12
488,0,4,15.1,3,28,113.89,26,14,113.89,26,7,7,25,12
489,1,4,9.77,2,16,43.42,9,33,258.51,56,3,13,25,12
490,0,1,4.28,1,28,113.89,26,14,113.89,26,7,7,25,12
491,0,3,21.01,5,28,113.89,26,14,113.89,26,7,7,25,12
492,0,2,10.72,2,16,43.42,9,33,258.51,56,3,13,25,12
493,0,2,13.07,3,28,113.89,26,14,113.89,26,7,7,25,12
494,0,4,23.22,5,24,105.48,22,25,215.09,47,4,10,25,12
495,0,3,30.44,6,24,105.48,22,25,215.09,47,4,10,25,12
496,0,4,0.54,1,26,2.18,4,16,12.42,8,4,5,25,12
497,0,1,24.49,5,28,113.89,26,14,113.89,26,7,7,25,12
498,0,3,10.24,4,16,26,8,24,178.58,41,4,10,25,12
499,0,1,2.85,1,16,26,8,24,178.58,41,4,10,25,12
500,0,1,3.99,2,36,26.94,18,35,211.74,57,7,15,25,12
501,1,2,2.2,1,14,8.43,5,33,161.8,50,3,14,25,12
502,0,4,2.48,1,14,8.43,5,33,161.8,50,3,14,25,12
503,0,1,19.13,4,12,65.53,13,16,202.4,40,3,8,25,12
504,0,3,27.16,5,14,81.81,17,12,128.06,27,3,6,25,12
505,0,3,5.74,2,14,50.32,11,7,50.32,11,4,4,25,12
506,0,3,0.14,1,8,0.28,2,14,20.35,17,2,6,25,12
507,0,2,28.32,5,14,81.81,17,12,128.06,27,3,6,25,12
508,0,1,1.21,1,2,1.21,1,17,85.29,32,1,8,25,12
509,0,2,4.83,4,36,26.94,18,35,211.74,57,7,15,25,12
510,0,2,26.33,7,14,81.81,17,12,128.06,27,3,6,25,12
511,0,1,3.75,3,14,8.43,5,33,161.8,50,3,14,25,12
512,1,4,5.58,4,36,26.94,18,35,211.74,57,7,15,25,12
513,0,2,24.61,5,4,24.61,5,11,146.92,30,1,6,25,12
514,0,1,10.05,3,14,50.32,11,7,50.32,11,4,4,25,12
515,1,1,1.48,1,36,26.94,18,35,211.74,57,7,15,25,12
516,1,3,5.92,4,36,26.94,18,35,211.74,57,7,15,25,12
517,0,1,30.46,5,14,50.32,11,7,50.32,11,4,4,25,12
518,1,3,1.41,1,36,26.94,18,35,211.74,57,7,15,25,12
519,0,2,24.83,5,12,65.53,13,16,202.4,40,3,8,25,12
520,1,4,3.75,2,36,26.94,18,35,211.74,57,7,15,25,12
521,0,2,4.07,1,14,50.32,11,7,50.32,11,4,4,25,12
522,0,2,12.86,4,4,12.86,4,18,215.25,44,1,9,25,12
523,0,1,0.14,1,8,0.28,2,14,20.35,17,2,6,25,12
524,0,3,21.57,4,12,65.53,13,16,202.4,40,3,8,25,12
525,0,1,4.56,1,40,55.99,15,34,112.29,39,7,13,25,12
526,0,4,6.93,1,32,32.36,7,27,74.78,19,5,9,25,12
527,0,2,8.8,4,10,13.78,7,20,72.49,33,2,8,25,12
528,0,2,11.12,3,40,55.99,15,34,112.29,39,7,13,25,12
529,0,1,6.74,3,2,6.74,3,15,62.99,30,1,7,25,12
530,0,3,11.66,5,26,37.33,18,18,59.69,27,5,7,25,12
531,0,3,11.07,3,40,55.99,15,34,112.29,39,7,13,25,12
532,0,2,9.75,1,12,23.06,5,6,23.06,5,2,2,25,12
533,0,1,9.04,5,2,9.04,5,5,22.35,9,1,2,25,12
534,0,3,6.27,2,32,32.36,7,27,74.78,19,5,9,25,12
535,0,4,6.52,2,32,32.36,7,27,74.78,19,5,9,25,12
536,0,3,10.31,5,26,37.33,18,18,59.69,27,5,7,25,12
537,0,2,2.93,2,26,37.33,18,18,59.69,27,5,7,25,12
538,0,3,7.33,2,6,7.33,2,18,70.33,32,1,8,25,12
539,0,3,4.98,3,10,13.78,7,20,72.49,33,2,8,25,12
540,1,4,4.48,1,40,55.99,15,34,112.29,39,7,13,25,12
541,0,3,0.97,1,26,37.33,18,18,59.69,27,5,7,25,12
542,0,3,6.02,1,32,32.36,7,27,74.78,19,5,9,25,12
543,0,3,9.6,3,40,55.99,15,34,112.29,39,7,13,25,12
544,0,2,11.47,5,26,37.33,18,18,59.69,27,5,7,25,12
545,0,4,13.31,4,12,23.06,5,6,23.06,5,2,2,25,12
546,0,3,10.63,3,40,55.99,15,34,112.29,39,7,13,25,12
547,0,4,4.53,1,40,55.99,15,34,112.29,39,7,13,25,12
548,0,4,0.16,1,8,0.16,1,22,55.38,17,1,7,25,12
549,0,2,6.61,1,32,32.36,7,27,74.78,19,5,9,25,12
550,0,1,26.49,6,14,105.03,24,7,105.03,24,4,4,25,12
551,0,2,2.37,1,20,43.58,13,38,245.34,64,5,16,25,12
552,0,1,0.24,1,4,0.45,2,14,57.64,21,2,7,25,12
553,0,1,18.32,6,12,38.6,12,18,203.03,47,3,9,25,12
554,0,4,13.95,4,28,30.2,11,32,233.23,58,4,13,25,12
555,0,1,0.21,1,4,0.45,2,14,57.64,21,2,7,25,12
556,0,1,7.04,1,12,66.44,12,13,171.47,36,3,7,25,12
557,0,2,26.25,5,12,66.44,12,13,171.47,36,3,7,25,12
558,0,3,3.43,2,28,30.2,11,32,233.23,58,4,13,25,12
559,0,2,26.59,5,14,105.03,24,7,105.03,24,4,4,25,12
560,0,2,4.88,2,12,38.6,12,18,203.03,47,3,9,25,12
561,0,1,28.85,7,14,105.03,24,7,105.03,24,4,4,25,12
562,0,3,8.86,3,28,30.2,11,32,233.23,58,4,13,25,12
563,1,4,3.96,2,28,30.2,11,32,233.23,58,4,13,25,12
564,0,4,6.96,1,22,28.61,6,34,188.36,48,3,13,25,12
565,0,2,4.43,2,4,4.43,2,19,82.43,25,1,7,25,12
566,0,1,12.4,4,20,43.58,13,38,245.34,64,5,16,25,12
567,0,3,23.09,6,14,105.03,24,7,105.03,24,4,4,25,12
568,0,3,15.4,4,12,38.6,12,18,203.03,47,3,9,25,12
569,0,2,8.46,2,20,43.58,13,38,245.34,64,5,16,25,12
570,0,3,33.15,6,12,66.44,12,13,171.47,36,3,7,25,12
571,0,4,10.37,3,22,28.61,6,34,188.36,48,3,13,25,12
572,0,1,8.66,2,20,43.58,13,38,245.34,64,5,16,25,12
573,0,3,11.28,2,22,28.61,6,34,188.36,48,3,13,25,12
574,1,4,11.68,4,20,43.58,13,38,245.34,64,5,16,25,12
575,0,4,27.97,5,18,73.42,15,13,87.27,19,3,4,25,12
576,0,3,33.01,7,18,73.42,15,13,87.27,19,3,4,25,12
577,0,3,5.38,3,32,23.15,13,35,179.63,46,7,14,25,12
578,0,4,12.99,1,20,57.38,10,23,169.47,34,4,8,25,12
579,0,4,13.85,4,10,14.87,5,5,14.87,5,2,2,25,12
580,0,3,6.3,3,32,23.15,13,35,179.63,46,7,14,25,12
581,0,2,5.94,2,18,48.66,12,22,135.93,31,4,8,25,12
582,0,2,13.72,2,20,57.38,10,23,169.47,34,4,8,25,12
583,0,4,18.05,5,16,19.93,6,27,152.02,36,2,9,25,12
584,0,3,4.78,1,6,4.78,1,24,125.91,33,1,8,25,12
585,0,3,5.15,1,10,9.98,2,7,43.04,9,2,3,25,12
586,0,2,4.83,1,10,9.98,2,7,43.04,9,2,3,25,12
587,0,2,12.44,3,18,73.42,15,13,87.27,19,3,4,25,12
588,0,2,33.06,7,18,48.66,12,22,135.93,31,4,8,25,12
589,0,2,5.81,2,18,48.66,12,22,135.93,31,4,8,25,12
590,1,4,1.26,1,32,23.15,13,35,179.63,46,7,14,25,12
591,0,4,1.88,1,16,19.93,6,27,152.02,36,2,9,25,12
592,1,1,1.1,1,32,23.15,13,35,179.63,46,7,14,25,12
593,0,3,18.63,4,20,57.38,10,23,169.47,34,4,8,25,12
594,0,1,1.2,1,32,23.15,13,35,179.63,46,7,14,25,12
595,0,1,12.04,3,20,57.38,10,23,169.47,34,4,8,25,12
596,0,1,1.02,1,10,14.87,5,5,14.87,5,2,2,25,12
597,0,1,1.22,1,32,23.15,13,35,179.63,46,7,14,25,12
598,0,3,3.84,1,18,48.66,12,22,135.93,31,4,8,25,12
599,0,3,6.69,3,32,23.15,13,35,179.63,46,7,14,25,12
600,0,2,0.79,1,10,28.43,8,19,136.77,39,3,9,25,12
601,0,2,3.84,1,4,3.84,1,13,46.59,12,1,5,25,12
602,0,1,0.83,2,22,64.79,24,11,64.79,24,6,6,25,12
603,1,3,8.86,2,22,43.81,10,26,177.65,46,5,12,25,12
604,0,3,5.91,2,14,13.12,4,25,136.33,37,2,10,25,12
605,0,4,27.32,8,22,64.79,24,11,64.79,24,6,6,25,12
606,0,2,23.77,5,10,33.89,8,15,105.77,30,2,6,25,12
607,0,3,12.09,4,12,23.51,9,20,119.25,36,4,9,25,12
608,0,2,12.24,3,22,43.81,10,26,177.65,46,5,12,25,12
609,0,4,7.21,2,14,13.12,4,25,136.33,37,2,10,25,12
610,0,1,12.9,3,10,28.43,8,19,136.77,39,3,9,25,12
611,0,2,17.38,4,4,17.38,4,16,143.24,39,1,8,25,12
612,0,1,10.02,3,22,64.79,24,11,64.79,24,6,6,25,12
613,0,1,0.99,1,12,23.51,9,20,119.25,36,4,9,25,12
614,0,1,25.64,8,22,64.79,24,11,64.79,24,6,6,25,12
615,0,2,0.07,1,22,64.79,24,11,64.79,24,6,6,25,12
616,0,2,0.9,2,22,64.79,24,11,64.79,24,6,6,25,12
617,0,1,8.97,2,22,43.81,10,26,177.65,46,5,12,25,12
618,0,3,10.12,3,10,33.89,8,15,105.77,30,2,6,25,12
619,0,1,1.03,1,12,23.51,9,20,119.25,36,4,9,25,12
620,0,4,8.89,3,8,8.89,3,13,73.61,26,1,6,25,12
621,1,3,8.06,2,22,43.81,10,26,177.65,46,5,12,25,12
622,0,2,5.67,1,22,43.81,10,26,177.65,46,5,12,25,12
623,0,2,14.74,4,10,28.43,8,19,136.77,39,3,9,25,12
624,0,1,9.4,3,12,23.51,9,20,119.25,36,4,9,25,12
625,0,2,5.33,2,14,44.6,16,7,44.6,16,4,4,25,12
626,0,1,0.17,1,20,3.82,9,21,58.4,28,5,9,25,12
627,0,1,1.12,2,20,3.82,9,21,58.4,28,5,9,25,12
628,0,3,18.69,6,14,44.6,16,7,44.6,16,4,4,25,12
629,0,4,1.25,2,20,3.82,9,21,58.4,28,5,9,25,12
630,0,4,7.51,3,14,15.85,6,16,86.92,26,2,6,25,12
631,1,4,7.29,2,16,30.17,7,24,115.84,31,3,9,25,12
632,0,1,11.13,3,24,46.94,11,18,91.01,26,4,7,25,12
633,1,3,0.92,2,20,5.03,9,26,44.4,29,5,11,25,12
634,0,4,16.92,4,24,46.94,11,18,91.01,26,4,7,25,12
635,0,1,1.03,2,20,5.03,9,26,44.4,29,5,11,25,12
636,0,1,0.18,1,20,3.82,9,21,58.4,28,5,9,25,12
637,0,2,0.06,1,8,0.11,2,14,5.31,13,2,7,25,12
638,0,3,0.94,1,20,5.03,9,26,44.4,29,5,11,25,12
639,0,2,1.16,2,20,5.03,9,26,44.4,29,5,11,25,12
640,0,1,15.43,3,16,30.17,7,24,115.84,31,3,9,25,12
641,0,3,8.84,2,24,46.94,11,18,91.01,26,4,7,25,12
642,0,1,0.98,2,20,5.03,9,26,44.4,29,5,11,25,12
643,0,3,7.45,2,16,30.17,7,24,115.84,31,3,9,25,12
644,0,4,10.06,2,24,46.94,11,18,91.01,26,4,7,25,12
645,0,1,0.53,1,14,44.6,16,7,44.6,16,4,4,25,12
646,1,3,1.1,3,20,3.82,9,21,58.4,28,5,9,25,12
647,0,3,8.33,3,14,15.85,6,16,86.92,26,2,6,25,12
648,0,2,0.05,1,8,0.11,2,14,5.31,13,2,7,25,12
649,0,1,20.04,7,14,44.6,16,7,44.6,16,4,4,25,12
650,0,4,22.14,5,20,54.68,15,24,158.02,52,4,10,25,12
651,0,3,19.18,7,24,46.97,16,21,105.25,33,4,7,25,12
652,0,3,8.59,1,38,73.68,8,27,130.77,22,8,10,25,12
653,0,2,13.07,4,20,54.68,15,24,158.02,52,4,10,25,12
654,0,4,1.7,1,20,6.4,4,25,122.93,38,4,10,25,12
655,0,3,9.54,1,38,73.68,8,27,130.77,22,8,10,25,12
656,0,3,5.47,1,24,46.97,16,21,105.25,33,4,7,25,12
657,0,4,6.32,2,24,46.97,16,21,105.25,33,4,7,25,12
658,0,1,8.3,1,38,73.68,8,27,130.77,22,8,10,25,12
659,0,4,10.02,1,38,73.68,8,27,130.77,22,8,10,25,12
660,0,2,6.34,4,4,6.34,4,17,97.06,34,1,6,25,12
661,0,3,4.88,2,20,54.68,15,24,158.02,52,4,10,25,12
662,0,3,9.06,2,18,58.28,17,9,58.28,17,3,3,25,12
663,0,3,9.88,1,38,73.68,8,27,130.77,22,8,10,25,12
664,0,3,9.69,1,38,73.68,8,27,130.77,22,8,10,25,12
665,0,2,1.7,1,20,6.4,4,25,122.93,38,4,10,25,12
666,0,4,34.95,9,18,58.28,17,9,58.28,17,3,3,25,12
667,0,2,14.27,6,18,58.28,17,9,58.28,17,3,3,25,12
668,0,2,16,6,24,46.97,16,21,105.25,33,4,7,25,12
669,0,1,12.61,5,2,12.61,5,14,103.34,37,1,6,25,12
670,0,1,8.63,1,38,73.68,8,27,130.77,22,8,10,25,12
671,0,1,14.6,4,20,54.68,15,24,158.02,52,4,10,25,12
672,0,3,1.32,1,20,6.4,4,25,122.93,38,4,10,25,12
673,0,1,1.67,1,20,6.4,4,25,122.93,38,4,10,25,12
674,0,1,9.04,1,38,73.68,8,27,130.77,22,8,10,25,12
675,0,1,12.14,2,14,36.49,4,28,178.63,39,3,10,25,12
676,0,3,13.12,5,10,40.69,14,5,40.69,14,2,2,25,12
677,0,2,23.63,6,10,30.87,8,14,80.13,25,2,5,25,12
678,0,3,7.24,2,10,30.87,8,14,80.13,25,2,5,25,12
679,0,2,17.9,5,34,65.45,19,30,143.55,44,6,11,25,12
680,0,4,17.48,3,14,34.5,6,21,142.14,35,2,7,25,12
681,0,2,27.57,9,10,40.69,14,5,40.69,14,2,2,25,12
682,0,3,17.02,3,14,34.5,6,21,142.14,35,2,7,25,12
683,0,3,11.79,1,14,36.49,4,28,178.63,39,3,10,25,12
684,0,4,18.51,4,34,65.45,19,30,143.55,44,6,11,25,12
685,0,4,20.03,5,34,65.45,19,30,143.55,44,6,11,25,12
686,0,1,4.21,1,14,17.99,6,21,98.13,31,3,8,25,12
687,0,2,3.26,2,34,65.45,19,30,143.55,44,6,11,25,12
688,0,3,0.39,1,10,0.88,2,24,121.08,38,2,10,25,12
689,0,2,0.59,1,22,2.38,4,27,114.53,31,4,10,25,12
690,0,4,7.55,2,14,17.99,6,21,98.13,31,3,8,25,12
691,0,2,6.24,3,14,17.99,6,21,98.13,31,3,8,25,12
692,0,4,0.53,1,22,2.38,4,27,114.53,31,4,10,25,12
693,0,2,0.49,1,10,0.88,2,24,121.08,38,2,10,25,12
694,0,3,12.55,1,14,36.49,4,28,178.63,39,3,10,25,12
695,0,4,2.68,1,34,65.45,19,30,143.55,44,6,11,25,12
696,0,2,0.64,1,22,2.38,4,27,114.53,31,4,10,25,12
697,0,4,8.57,3,8,8.57,3,9,49.26,17,1,3,25,12
698,0,1,3.06,2,34,65.45,19,30,143.55,44,6,11,25,12
699,0,3,0.62,1,22,2.38,4,27,114.53,31,4,10,25,12
700,0,3,13.75,5,14,46.17,16,26,225.56,62,4,12,25,12
701,0,2,4.23,1,14,24.61,7,30,219.83,53,4,13,25,12
702,0,1,7.38,2,2,7.38,2,22,185.76,53,1,10,25,12
703,0,2,1.17,1,20,6.05,5,22,109.02,36,5,10,25,12
704,0,1,2.82,1,14,46.17,16,26,225.56,62,4,12,25,12
705,0,1,15.4,5,14,46.17,16,26,225.56,62,4,12,25,12
706,0,1,26.57,6,24,121.57,31,17,164.91,42,5,7,25,12
707,0,4,28.9,8,24,121.57,31,17,164.91,42,5,7,25,12
708,0,2,4.38,1,14,24.61,7,30,219.83,53,4,13,25,12
709,0,3,1.13,1,20,6.05,5,22,109.02,36,5,10,25,12
710,0,2,1.22,1,20,6.05,5,22,109.02,36,5,10,25,12
711,0,2,13.39,2,16,42.79,7,25,207.69,49,3,10,25,12
712,0,3,15.47,4,24,121.57,31,17,164.91,42,5,7,25,12
713,0,2,1.18,1,20,6.05,5,22,109.02,36,5,10,25,12
714,0,2,14.99,3,16,42.79,7,25,207.69,49,3,10,25,12
715,0,2,14.2,5,14,46.17,16,26,225.56,62,4,12,25,12
716,0,2,19.9,5,24,121.57,31,17,164.91,42,5,7,25,12
717,0,2,12.47,3,10,43.34,11,5,43.34,11,2,2,25,12
718,0,2,11.96,4,14,24.61,7,30,219.83,53,4,13,25,12
719,0,4,14.4,2,16,42.79,7,25,207.69,49,3,10,25,12
720,0,1,4.03,1,14,24.61,7,30,219.83,53,4,13,25,12
721,0,3,6,2,6,6,2,23,198.28,56,1,10,25,12
722,0,1,1.34,1,20,6.05,5,22,109.02,36,5,10,25,12
723,0,2,30.73,8,24,121.57,31,17,164.91,42,5,7,25,12
724,0,3,30.87,8,10,43.34,11,5,43.34,11,2,2,25,12
725,0,3,33.43,9,32,175.2,39,16,175.2,39,6,6,25,12
726,0,2,39.24,8,32,175.2,39,16,175.2,39,6,6,25,12
727,0,4,30.48,7,14,61.84,15,21,233.32,53,2,7,25,12
728,0,2,38.77,8,32,175.2,39,16,175.2,39,6,6,25,12
729,0,4,23.88,7,24,96.54,24,33,329.86,77,4,11,25,12
730,0,2,1.36,1,10,2.53,2,26,145.36,41,2,8,25,12
731,0,3,31.09,8,32,175.2,39,16,175.2,39,6,6,25,12
732,0,3,31.36,8,14,61.84,15,21,233.32,53,2,7,25,12
733,0,4,20.53,4,24,96.54,24,33,329.86,77,4,11,25,12
734,0,4,11.98,1,18,54.22,7,50,427.21,93,4,17,25,12
735,0,1,23.87,6,24,96.54,24,33,329.86,77,4,11,25,12
736,0,1,13.37,1,18,54.22,7,50,427.21,93,4,17,25,12
737,0,1,14.1,3,18,54.22,7,50,427.21,93,4,17,25,12
738,0,3,1.73,1,14,3.55,2,37,322.65,79,2,13,25,12
739,0,3,28.26,7,24,96.54,24,33,329.86,77,4,11,25,12
740,0,3,0.03,1,18,1.32,4,38,306.33,78,3,13,25,12
741,0,2,0.02,1,18,1.32,4,38,306.33,78,3,13,25,12
742,0,2,3.71,1,32,175.2,39,16,175.2,39,6,6,25,12
743,0,4,1.82,1,14,3.55,2,37,322.65,79,2,13,25,12
744,0,4,28.95,5,32,175.2,39,16,175.2,39,6,6,25,12
745,0,3,1.17,1,10,2.53,2,26,145.36,41,2,8,25,12
746,0,4,24.63,6,16,43.13,9,41,372.99,86,2,13,25,12
747,0,4,1.26,2,18,1.32,4,38,306.33,78,3,13,25,12
748,0,3,14.77,2,18,54.22,7,50,427.21,93,4,17,25,12
749,0,4,18.49,3,16,43.13,9,41,372.99,86,2,13,25,12
750,0,1,15.47,3,14,103.31,19,19,233,47,5,9,25,12
751,0,4,34.55,7,14,74.49,15,12,129.69,28,2,4,25,12
752,0,1,8.28,2,24,37.64,9,31,251.11,54,4,12,25,12
753,0,1,25.84,5,14,103.31,19,19,233,47,5,9,25,12
754,0,3,2.07,1,20,5.82,3,27,83.46,26,3,9,25,12
755,0,3,2.1,1,20,5.82,3,27,83.46,26,3,9,25,12
756,0,1,27.84,6,14,103.31,19,19,233,47,5,9,25,12
757,0,4,6.4,3,24,22.34,10,34,228.32,56,4,13,25,12
758,0,1,10.25,1,14,103.31,19,19,233,47,5,9,25,12
759,0,1,2.41,1,16,8.57,4,32,190.87,50,3,12,25,12
760,0,3,23.91,4,14,103.31,19,19,233,47,5,9,25,12
761,0,3,13.93,4,24,37.64,9,31,251.11,54,4,12,25,12
762,1,4,6.22,1,24,37.64,9,31,251.11,54,4,12,25,12
763,0,4,9.21,2,24,37.64,9,31,251.11,54,4,12,25,12
764,0,3,4.11,2,16,8.57,4,32,190.87,50,3,12,25,12
765,1,4,2.05,1,16,8.57,4,32,190.87,50,3,12,25,12
766,0,2,15,3,4,15,3,20,237.75,49,1,9,25,12
767,0,3,22.48,5,10,55.19,13,5,55.19,13,2,2,25,12
768,1,4,2.7,1,24,22.34,10,34,228.32,56,4,13,25,12
769,0,4,1.65,1,20,5.82,3,27,83.46,26,3,9,25,12
770,0,3,13.68,4,6,13.68,4,23,251.43,53,1,10,25,12
771,0,3,39.95,8,14,74.49,15,12,129.69,28,2,4,25,12
772,0,3,7.18,3,24,22.34,10,34,228.32,56,4,13,25,12
773,0,2,32.71,8,10,55.19,13,5,55.19,13,2,2,25,12
774,0,1,6.06,3,24,22.34,10,34,228.32,56,4,13,25,12
775,0,2,22.05,5,16,55.35,14,17,126.12,31,3,7,25,12
776,0,3,13.1,5,6,13.1,5,26,219.84,62,1,11,25,12
777,0,3,5.77,3,10,8.1,6,20,163.38,54,3,11,25,12
778,0,1,26.08,7,38,123.21,35,34,240.59,64,8,14,25,12
779,0,3,28.61,8,18,70.76,17,9,70.76,17,4,4,25,12
780,0,3,16.43,4,38,123.21,35,34,240.59,64,8,14,25,12
781,0,3,19.64,4,18,70.76,17,9,70.76,17,4,4,25,12
782,0,1,0.18,1,10,8.1,6,20,163.38,54,3,11,25,12
783,0,1,13.78,3,18,70.76,17,9,70.76,17,4,4,25,12
784,0,2,7.13,2,16,21.97,7,25,169.84,56,4,13,25,12
785,0,2,8.74,2,18,70.76,17,9,70.76,17,4,4,25,12
786,1,2,2.64,1,38,123.21,35,34,240.59,64,8,14,25,12
787,0,3,7.01,2,16,21.97,7,25,169.84,56,4,13,25,12
788,0,1,8.74,3,2,8.74,3,27,228.58,65,1,12,25,12
789,0,3,16.82,4,38,123.21,35,34,240.59,64,8,14,25,12
790,0,4,10.58,2,16,55.35,14,17,126.12,31,3,7,25,12
791,0,1,20.5,7,38,123.21,35,34,240.59,64,8,14,25,12
792,0,2,20.21,7,38,123.21,35,34,240.59,64,8,14,25,12
793,1,3,2.53,1,38,123.21,35,34,240.59,64,8,14,25,12
794,0,2,15.32,4,4,15.32,4,26,226.39,61,1,11,25,12
795,0,2,22.73,7,16,55.35,14,17,126.12,31,3,7,25,12
796,0,1,2.15,2,10,8.1,6,20,163.38,54,3,11,25,12
797,0,1,1.79,1,16,21.97,7,25,169.84,56,4,13,25,12
798,0,4,18,4,38,123.21,35,34,240.59,64,8,14,25,12
799,0,2,6.05,2,16,21.97,7,25,169.84,56,4,13,25,12
800,0,4,22.84,5,28,68.47,19,37,218.44,73,5,15,25,12
801,0,4,17.49,6,34,113.25,34,17,113.25,34,7,7,25,12
802,0,2,20.92,6,34,113.25,34,17,113.25,34,7,7,25,12
803,0,4,3.73,3,12,33.49,11,21,143.59,50,3,10,25,12
804,0,2,11.53,3,34,113.25,34,17,113.25,34,7,7,25,12
805,0,1,2.02,1,12,33.49,11,21,143.59,50,3,10,25,12
806,1,1,5.85,2,28,68.47,19,37,218.44,73,5,15,25,12
807,0,1,11.6,6,4,13.63,8,17,118.33,41,2,8,25,12
808,0,1,3.02,1,4,6,2,28,177.04,56,2,12,25,12
809,0,2,8.54,1,34,113.25,34,17,113.25,34,7,7,25,12
810,1,4,9.91,4,28,68.47,19,37,218.44,73,5,15,25,12
811,0,2,13.51,2,4,13.51,2,25,165.23,47,1,9,25,12
812,0,1,24.16,8,34,113.25,34,17,113.25,34,7,7,25,12
813,0,2,11.95,5,12,21.96,10,23,149.97,54,3,10,25,12
814,0,1,27.74,7,12,33.49,11,21,143.59,50,3,10,25,12
815,0,1,2.98,1,4,6,2,28,177.04,56,2,12,25,12
816,0,2,7.72,3,28,68.47,19,37,218.44,73,5,15,25,12
817,0,3,22.15,5,28,68.47,19,37,218.44,73,5,15,25,12
818,0,1,2.03,2,4,13.63,8,17,118.33,41,2,8,25,12
819,1,2,2.21,2,12,21.96,10,23,149.97,54,3,10,25,12
820,0,4,10.6,3,8,10.6,3,35,223.1,71,1,14,25,12
821,0,4,10.07,1,8,10.07,1,14,96.3,20,1,5,25,12
822,0,2,7.81,3,12,21.96,10,23,149.97,54,3,10,25,12
823,0,4,22.38,8,34,113.25,34,17,113.25,34,7,7,25,12
824,0,2,8.23,2,34,113.25,34,17,113.25,34,7,7,25,12
825,0,3,9.11,3,6,9.11,3,22,182.18,52,1,10,25,12
826,0,1,3.1,1,12,29.51,9,17,108.87,33,3,7,25,12
827,0,1,19.41,3,4,22.43,4,20,162.39,43,2,9,25,12
828,0,2,16.78,5,12,29.51,9,17,108.87,33,3,7,25,12
829,0,1,9.12,3,4,34.03,8,19,173.07,49,2,9,25,12
830,0,4,32.04,9,24,80.12,25,12,80.12,25,5,5,25,12
831,0,2,9.73,1,12,29.84,3,24,185.5,35,3,10,25,12
832,0,1,12.65,4,24,71.16,22,27,172.86,52,6,11,25,12
833,0,2,14.52,5,24,71.16,22,27,172.86,52,6,11,25,12
834,0,3,16.4,2,18,46.46,6,21,164.77,35,3,8,25,12
835,0,3,32.85,9,24,80.12,25,12,80.12,25,5,5,25,12
836,0,4,14.12,2,18,46.46,6,21,164.77,35,3,8,25,12
837,0,2,6.53,2,24,71.16,22,27,172.86,52,6,11,25,12
838,0,3,9.63,3,12,29.51,9,17,108.87,33,3,7,25,12
839,0,1,3.02,1,4,22.43,4,20,162.39,43,2,9,25,12
840,0,2,7.26,2,24,71.16,22,27,172.86,52,6,11,25,12
841,0,3,10.45,1,12,29.84,3,24,185.5,35,3,10,25,12
842,0,1,0.76,1,24,80.12,25,12,80.12,25,5,5,25,12
843,0,1,4.07,2,24,80.12,25,12,80.12,25,5,5,25,12
844,0,4,17.42,5,24,71.16,22,27,172.86,52,6,11,25,12
845,0,1,12.78,4,24,71.16,22,27,172.86,52,6,11,25,12
846,0,2,15.94,2,18,46.46,6,21,164.77,35,3,8,25,12
847,0,1,9.67,1,12,29.84,3,24,185.5,35,3,10,25,12
848,0,1,24.9,5,4,34.03,8,19,173.07,49,2,9,25,12
849,0,3,10.4,4,24,80.12,25,12,80.12,25,5,5,25,12
850,1,4,6.26,2,32,43.03,11,35,169.83,55,5,13,25,12
851,0,3,0.7,1,32,43.03,11,35,169.83,55,5,13,25,12
852,0,4,16.39,2,16,32.01,4,38,199.17,56,2,13,25,12
853,0,2,13.67,6,20,80.84,29,20,149.68,50,5,9,25,12
854,0,3,7.85,4,22,11.76,9,31,149.9,58,4,13,25,12
855,0,4,3.74,2,8,3.74,2,20,138.13,49,1,9,25,12
856,0,4,14.34,3,32,43.03,11,35,169.83,55,5,13,25,12
857,0,4,2.47,1,16,40.33,14,18,82.69,24,3,6,25,12
858,0,2,1.72,2,22,11.76,9,31,149.9,58,4,13,25,12
859,0,3,15.34,3,32,43.03,11,35,169.83,55,5,13,25,12
860,0,2,27.19,8,16,40.33,14,18,82.69,24,3,6,25,12
861,1,4,13.47,6,20,80.84,29,20,149.68,50,5,9,25,12
862,0,3,0.31,1,22,11.76,9,31,149.9,58,4,13,25,12
863,0,4,15.29,3,20,42.35,10,10,42.35,10,3,3,25,12
864,0,4,15.62,2,16,32.01,4,38,199.17,56,2,13,25,12
865,0,2,23.95,7,20,80.84,29,20,149.68,50,5,9,25,12
866,0,2,6.39,2,32,43.03,11,35,169.83,55,5,13,25,12
867,0,2,10.67,5,16,40.33,14,18,82.69,24,3,6,25,12
868,0,4,11.37,2,20,42.35,10,10,42.35,10,3,3,25,12
869,0,1,23.35,7,20,80.84,29,20,149.68,50,5,9,25,12
870,0,2,15.69,5,20,42.35,10,10,42.35,10,3,3,25,12
871,0,3,15.34,4,10,17.31,6,26,141.07,53,2,11,25,12
872,0,2,1.97,2,10,17.31,6,26,141.07,53,2,11,25,12
873,0,1,6.39,3,20,80.84,29,20,149.68,50,5,9,25,12
874,0,3,1.88,2,22,11.76,9,31,149.9,58,4,13,25,12
875,0,4,2.5,1,10,5.77,3,38,216.83,64,2,14,25,12
876,0,1,8.77,4,32,48.41,22,35,225.17,60,6,12,25,12
877,0,3,9.18,5,32,48.41,22,35,225.17,60,6,12,25,12
878,1,3,7.68,4,8,15.51,8,39,240.68,68,2,14,25,12
879,0,1,3.27,2,10,5.77,3,38,216.83,64,2,14,25,12
880,0,1,0.86,1,2,0.86,1,14,70.32,27,1,7,25,12
881,0,4,41.23,9,44,221.94,39,22,221.94,39,8,8,25,12
882,0,1,1.62,2,4,3.55,4,25,157.77,51,2,11,25,12
883,0,4,26.5,3,16,60.16,10,26,277.59,48,2,9,25,12
884,0,1,25.29,3,44,221.94,39,22,221.94,39,8,8,25,12
885,0,2,37.65,7,44,221.94,39,22,221.94,39,8,8,25,12
886,0,2,27.35,4,44,221.94,39,22,221.94,39,8,8,25,12
887,0,3,19.96,4,6,19.96,4,29,297.54,52,1,10,25,12
888,1,3,6.74,3,32,48.41,22,35,225.17,60,6,12,25,12
889,0,3,30.54,4,44,221.94,39,22,221.94,39,8,8,25,12
890,0,3,20.77,3,44,221.94,39,22,221.94,39,8,8,25,12
891,0,3,8,4,32,48.41,22,35,225.17,60,6,12,25,12
892,0,1,1.93,2,4,3.55,4,25,157.77,51,2,11,25,12
893,0,4,33.66,7,16,60.16,10,26,277.59,48,2,9,25,12
894,1,3,7.71,3,32,48.41,22,35,225.17,60,6,12,25,12
895,0,1,7.82,4,8,15.51,8,39,240.68,68,2,14,25,12
896,0,3,9.67,3,6,9.67,3,28,261.15,49,1,9,25,12
897,0,4,4.52,1,44,221.94,39,22,221.94,39,8,8,25,12
898,0,3,34.6,8,44,221.94,39,22,221.94,39,8,8,25,12
899,0,3,8.02,3,32,48.41,22,35,225.17,60,6,12,25,12
900,0,2,12.28,3,22,73.11,21,16,120.13,34,5,7,25,12
901,0,3,3.84,2,42,16.09,10,28,55.36,24,7,9,25,12
902,0,1,14.9,5,22,73.11,21,16,120.13,34,5,7,25,12
903,0,3,0.88,1,42,16.09,10,28,55.36,24,7,9,25,12
904,0,1,12.58,4,4,23.78,6,18,143.91,40,2,9,25,12
905,0,1,8.65,3,10,20.46,8,23,164.37,48,2,11,25,12
906,0,2,15.9,5,22,73.11,21,16,120.13,34,5,7,25,12
907,1,4,0.92,1,42,16.09,10,28,55.36,24,7,9,25,12
908,0,2,3.56,1,24,16.22,5,30,67.95,25,5,10,25,12
909,0,1,0.91,1,42,16.09,10,28,55.36,24,7,9,25,12
910,0,3,27.46,9,6,27.46,9,3,27.46,9,1,1,25,12
911,0,2,19.56,4,4,19.56,4,5,47.02,13,1,2,25,12
912,0,1,11.2,2,4,23.78,6,18,143.91,40,2,9,25,12
913,0,1,3.11,1,24,16.22,5,30,67.95,25,5,10,25,12
914,0,3,3.98,2,14,6.5,3,25,127.83,42,2,10,25,12
915,0,2,0.93,1,42,16.09,10,28,55.36,24,7,9,25,12
916,0,4,4.2,2,42,16.09,10,28,55.36,24,7,9,25,12
917,0,1,3.5,1,24,16.22,5,30,67.95,25,5,10,25,12
918,1,4,2.52,1,14,6.5,3,25,127.83,42,2,10,25,12
919,1,4,11.81,5,10,20.46,8,23,164.37,48,2,11,25,12
920,1,4,3.04,1,24,16.22,5,30,67.95,25,5,10,25,12
921,1,4,3.03,1,24,16.22,5,30,67.95,25,5,10,25,12
922,0,4,14.97,4,22,73.11,21,16,120.13,34,5,7,25,12
923,0,4,4.42,2,42,16.09,10,28,55.36,24,7,9,25,12
924,0,2,15.07,4,22,73.11,21,16,120.13,34,5,7,25,12
925,0,3,3.96,1,26,33.56,13,20,117.51,37,4,8,25,12
926,0,1,5.43,2,28,22.37,10,31,113.04,43,6,14,25,12
927,0,3,3.25,1,16,12.39,4,18,86.42,31,3,8,25,12
928,1,4,8.89,3,32,35.8,15,26,102.24,37,7,11,25,12
929,0,3,5.4,2,28,22.37,10,31,113.04,43,6,14,25,12
930,0,2,7.86,3,32,35.8,15,26,102.24,37,7,11,25,12
931,0,4,5.43,2,28,22.37,10,31,113.04,43,6,14,25,12
932,0,3,5.84,2,16,12.39,4,18,86.42,31,3,8,25,12
933,0,2,2.69,2,4,2.69,2,15,112.29,37,1,7,25,12
934,0,1,34.95,9,12,73.21,19,6,73.21,19,3,3,25,12
935,0,1,7.59,3,32,35.8,15,26,102.24,37,7,11,25,12
936,1,2,0.31,1,28,22.37,10,31,113.04,43,6,14,25,12
937,0,1,2.96,2,32,35.8,15,26,102.24,37,7,11,25,12
938,0,3,3.04,1,32,35.8,15,26,102.24,37,7,11,25,12
939,0,4,19.29,5,12,73.21,19,6,73.21,19,3,3,25,12
940,1,3,0.3,1,28,22.37,10,31,113.04,43,6,14,25,12
941,0,1,5.48,2,28,22.37,10,31,113.04,43,6,14,25,12
942,0,3,9.77,5,26,33.56,13,20,117.51,37,4,8,25,12
943,0,4,3.95,1,26,33.56,13,20,117.51,37,4,8,25,12
944,0,3,15.88,6,26,33.56,13,20,117.51,37,4,8,25,12
945,0,2,3.3,1,16,12.39,4,18,86.42,31,3,8,25,12
946,0,3,2.69,1,32,35.8,15,26,102.24,37,7,11,25,12
947,0,1,18.97,5,12,73.21,19,6,73.21,19,3,3,25,12
948,1,2,2.78,2,32,35.8,15,26,102.24,37,7,11,25,12
949,0,1,10.74,5,2,10.74,5,7,83.95,24,1,4,25,12
950,0,4,5.82,3,40,31.07,16,28,54.02,30,6,9,25,12
951,1,4,3.77,1,22,37.91,9,35,90.96,38,4,12,25,12
952,0,3,6.36,4,14,11.63,8,8,22.95,14,2,3,25,12
953,0,3,23.83,2,26,73.2,8,23,148.8,21,5,9,25,12
954,0,1,18.38,1,12,53.6,3,21,189.02,19,3,9,25,12
955,0,2,6.32,3,40,31.07,16,28,54.02,30,6,9,25,12
956,0,3,6.47,3,40,31.07,16,28,54.02,30,6,9,25,12
957,0,3,19.64,3,20,47.45,8,32,108.09,30,4,11,25,12
958,0,4,5.27,4,14,11.63,8,8,22.95,14,2,3,25,12
959,1,1,3.62,1,22,37.91,9,35,90.96,38,4,12,25,12
960,0,2,17.01,1,12,53.6,3,21,189.02,19,3,9,25,12
961,0,4,0.96,1,40,31.07,16,28,54.02,30,6,9,25,12
962,1,3,1.16,1,20,47.45,8,32,108.09,30,4,11,25,12
963,0,4,22.97,4,22,37.91,9,35,90.96,38,4,12,25,12
964,0,4,5.26,3,40,31.07,16,28,54.02,30,6,9,25,12
965,0,3,1.22,1,20,47.45,8,32,108.09,30,4,11,25,12
966,0,2,2.73,1,26,73.2,8,23,148.8,21,5,9,25,12
967,0,3,22.52,2,26,73.2,8,23,148.8,21,5,9,25,12
968,0,1,21.03,2,26,73.2,8,23,148.8,21,5,9,25,12
969,0,2,7.56,3,22,37.91,9,35,90.96,38,4,12,25,12
970,0,1,11.32,6,2,11.32,6,1,11.32,6,1,1,25,12
971,0,4,3.1,1,26,73.2,8,23,148.8,21,5,9,25,12
972,0,3,6.23,3,40,31.07,16,28,54.02,30,6,9,25,12
973,0,3,18.22,1,12,53.6,3,21,189.02,19,3,9,25,12
974,0,1,25.43,3,20,47.45,8,32,108.09,30,4,11,25,12
975,0,4,12.9,5,24,25.85,10,21,147.15,43,3,9,25,12
976,0,2,5.49,1,4,5.49,1,13,108.65,28,1,6,25,12
977,0,3,15.1,5,22,20.1,10,25,118.92,42,3,8,25,12
978,0,2,8.03,5,6,13.76,7,17,149.34,40,2,9,25,12
979,0,2,15.02,3,20,130.04,30,10,130.04,30,6,6,25,12
980,0,3,34.82,9,20,130.04,30,10,130.04,30,6,6,25,12
981,0,1,5.73,2,6,13.76,7,17,149.34,40,2,9,25,12
982,1,4,4.33,1,24,25.85,10,21,147.15,43,3,9,25,12
983,1,4,2.09,2,22,20.1,10,25,118.92,42,3,8,25,12
984,0,2,9.3,2,24,33.39,7,27,135.61,37,5,10,25,12
985,0,3,1.18,2,14,2.47,4,32,121.39,46,2,10,25,12
986,1,4,2.91,3,22,20.1,10,25,118.92,42,3,8,25,12
987,0,4,8.62,4,24,25.85,10,21,147.15,43,3,9,25,12
988,0,3,5.05,1,24,33.39,7,27,135.61,37,5,10,25,12
989,0,1,18.18,4,20,130.04,30,10,130.04,30,6,6,25,12
990,0,1,34.45,9,20,130.04,30,10,130.04,30,6,6,25,12
991,0,2,5.14,1,24,33.39,7,27,135.61,37,5,10,25,12
992,1,3,4.41,1,24,33.39,7,27,135.61,37,5,10,25,12
993,1,4,1.29,2,14,2.47,4,32,121.39,46,2,10,25,12
994,0,1,20.09,4,20,130.04,30,10,130.04,30,6,6,25,12
995,1,4,4.94,2,8,4.94,2,32,124.24,46,1,10,25,12
996,0,2,7.48,1,20,130.04,30,10,130.04,30,6,6,25,12
997,0,3,6.39,2,12,13.02,4,14,135.58,33,2,7,25,12
998,0,3,6.63,2,12,13.02,4,14,135.58,33,2,7,25,12
999,0,2,9.48,2,24,33.39,7,27,135.61,37,5,10,25,12
1000,0,2,2.88,2,20,12.85,8,27,149.91,53,4,11,25,12
1001,0,2,6.3,3,20,12.85,8,27,149.91,53,4,11,25,12
1002,0,4,3.66,2,26,88.17,26,20,113.26,35,4,6,25,12
1003,0,2,26.24,8,26,88.17,26,20,113.26,35,4,6,25,12
1004,0,3,30.27,8,26,88.17,26,20,113.26,35,4,6,25,12
1005,0,2,3.13,2,20,12.85,8,27,149.91,53,4,11,25,12
1006,0,2,21.15,4,24,48.64,10,29,188.46,55,4,11,25,12
1007,0,2,16.02,6,14,35.79,16,27,149.04,51,4,10,25,12
1008,0,4,7.9,3,14,25.09,9,7,25.09,9,2,2,25,12
1009,0,2,3.54,3,14,35.79,16,27,149.04,51,4,10,25,12
1010,0,3,17.19,6,14,25.09,9,7,25.09,9,2,2,25,12
1011,0,2,17.58,3,6,26.88,5,23,188.14,50,2,10,25,12
1012,0,1,9.47,1,10,18.07,2,23,166.97,37,2,9,25,12
1013,0,1,15.8,6,14,35.79,16,27,149.04,51,4,10,25,12
1014,0,4,0.55,1,20,12.85,8,27,149.91,53,4,11,25,12
1015,0,2,0.42,1,14,35.79,16,27,149.04,51,4,10,25,12
1016,0,4,8.61,1,10,18.07,2,23,166.97,37,2,9,25,12
1017,0,4,11.74,2,10,25.66,4,26,204.22,52,2,11,25,12
1018,0,2,9.57,2,24,48.64,10,29,188.46,55,4,11,25,12
1019,0,1,9.29,2,6,26.88,5,23,188.14,50,2,10,25,12
1020,0,4,3.72,1,24,48.64,10,29,188.46,55,4,11,25,12
1021,0,1,13.92,2,10,25.66,4,26,204.22,52,2,11,25,12
1022,0,4,14.2,3,24,48.64,10,29,188.46,55,4,11,25,12
1023,0,4,27.99,8,26,88.17,26,20,113.26,35,4,6,25,12
1024,0,3,2.55,1,6,2.55,1,26,151.91,53,1,11,25,12
1025,0,4,2.35,1,14,29.7,10,30,217.56,62,3,13,25,12
1026,0,1,14.88,5,28,111.8,32,14,111.8,32,6,6,25,12
1027,0,2,9.98,3,16,36.53,11,24,195.82,57,3,11,25,12
1028,0,1,1.44,1,12,4.12,3,12,21.33,10,3,5,25,12
1029,0,3,1.6,1,10,4.49,3,13,60.88,21,2,5,25,12
1030,0,2,14.62,5,14,29.7,10,30,217.56,62,3,13,25,12
1031,0,3,8.57,1,22,70.37,16,25,182.17,48,4,10,25,12
1032,0,2,12.23,3,16,36.53,11,24,195.82,57,3,11,25,12
1033,0,4,1.36,1,12,4.12,3,12,21.33,10,3,5,25,12
1034,0,2,15.35,4,28,111.8,32,14,111.8,32,6,6,25,12
1035,0,1,14.21,4,28,111.8,32,14,111.8,32,6,6,25,12
1036,0,3,11.96,3,22,70.37,16,25,182.17,48,4,10,25,12
1037,0,1,12.73,4,14,29.7,10,30,217.56,62,3,13,25,12
1038,0,2,10.39,2,20,28.7,6,33,209.64,58,3,13,25,12
1039,0,3,23.26,6,22,70.37,16,25,182.17,48,4,10,25,12
1040,0,4,9.21,2,20,28.7,6,33,209.64,58,3,13,25,12
1041,0,1,14.25,5,2,14.25,5,23,187.86,52,1,10,25,12
1042,1,4,9.1,2,20,28.7,6,33,209.64,58,3,13,25,12
1043,0,2,27.44,8,28,111.8,32,14,111.8,32,6,6,25,12
1044,0,2,2.89,2,10,4.49,3,13,60.88,21,2,5,25,12
1045,0,4,14.39,4,28,111.8,32,14,111.8,32,6,6,25,12
1046,0,4,14.32,5,16,36.53,11,24,195.82,57,3,11,25,12
1047,0,4,25.52,7,28,111.8,32,14,111.8,32,6,6,25,12
1048,0,2,26.58,6,22,70.37,16,25,182.17,48,4,10,25,12
1049,0,1,1.32,1,12,4.12,3,12,21.33,10,3,5,25,12
1050,0,1,14.63,7,14,27.75,13,18,56.44,25,3,6,25,12
1051,0,1,4.65,1,10,12.87,3,21,84.74,27,3,8,25,12
1052,0,3,6.27,3,28,38.73,16,32,95.17,41,4,10,25,12
1053,0,3,6.93,3,28,38.73,16,32,95.17,41,4,10,25,12
1054,0,2,3.74,2,34,56.31,22,42,139.86,58,6,14,25,12
1055,0,3,8.58,4,14,27.75,13,18,56.44,25,3,6,25,12
1056,0,1,5.11,3,34,56.31,22,42,139.86,58,6,14,25,12
1057,0,1,4.12,1,10,12.87,3,21,84.74,27,3,8,25,12
1058,0,2,8.49,4,34,56.31,22,42,139.86,58,6,14,25,12
1059,0,3,11.03,5,22,28.69,12,11,28.69,12,3,3,25,12
1060,0,4,7.06,3,22,28.69,12,11,28.69,12,3,3,25,12
1061,0,3,4.1,1,10,12.87,3,21,84.74,27,3,8,25,12
1062,1,4,5.18,3,34,56.31,22,42,139.86,58,6,14,25,12
1063,0,3,14.74,1,6,14.74,1,7,40.12,7,1,2,25,12
1064,0,2,5.38,3,4,5.38,3,40,134.65,57,1,14,25,12
1065,1,4,8.41,4,34,56.31,22,42,139.86,58,6,14,25,12
1066,0,3,6.93,2,6,6.93,2,28,98.68,37,1,9,25,12
1067,0,4,10.6,4,22,28.69,12,11,28.69,12,3,3,25,12
1068,0,4,4.53,2,22,14.13,6,37,112.23,46,3,12,25,12
1069,0,4,17.33,6,28,38.73,16,32,95.17,41,4,10,25,12
1070,0,3,4.54,2,14,27.75,13,18,56.44,25,3,6,25,12
1071,0,3,1.98,1,22,14.13,6,37,112.23,46,3,12,25,12
1072,0,4,25.38,6,34,56.31,22,42,139.86,58,6,14,25,12
1073,1,4,8.2,4,28,38.73,16,32,95.17,41,4,10,25,12
1074,0,4,7.61,3,22,14.13,6,37,112.23,46,3,12,25,12
1075,0,4,3.13,2,12,5.87,4,20,65.52,29,2,7,25,12
1076,0,1,3.55,1,20,15.8,5,23,76.58,31,4,9,25,12
1077,1,3,3.45,1,20,15.8,5,23,76.58,31,4,9,25,12
1078,0,4,14.92,5,8,14.92,5,9,22.85,9,1,3,25,12
1079,0,2,6.03,1,26,65.72,21,17,80.64,26,5,6,25,12
1080,0,4,3.87,2,12,9.14,5,6,9.14,5,3,3,25,12
1081,0,2,1.13,1,12,9.58,5,26,99.05,41,2,10,25,12
1082,0,2,6.08,3,20,18.9,11,27,95.7,39,4,10,25,12
1083,0,3,4.94,2,20,15.8,5,23,76.58,31,4,9,25,12
1084,0,1,4.06,2,12,9.14,5,6,9.14,5,3,3,25,12
1085,0,3,19.28,7,26,65.72,21,17,80.64,26,5,6,25,12
1086,0,3,4.96,2,12,11.78,5,21,86.39,30,2,7,25,12
1087,1,3,2.2,2,20,18.9,11,27,95.7,39,4,10,25,12
1088,0,3,3.86,1,20,15.8,5,23,76.58,31,4,9,25,12
1089,0,3,1.85,1,12,3.58,2,23,64.15,29,2,8,25,12
1090,0,1,1.21,1,12,9.14,5,6,9.14,5,3,3,25,12
1091,0,3,17.62,7,26,65.72,21,17,80.64,26,5,6,25,12
1092,0,4,9.6,2,26,65.72,21,17,80.64,26,5,6,25,12
1093,1,3,6.82,3,12,11.78,5,21,86.39,30,2,7,25,12
1094,1,4,1.28,1,20,18.9,11,27,95.7,39,4,10,25,12
1095,1,3,1.73,1,12,3.58,2,23,64.15,29,2,8,25,12
1096,0,4,8.45,4,12,9.58,5,26,99.05,41,2,10,25,12
1097,0,1,13.19,4,26,65.72,21,17,80.64,26,5,6,25,12
1098,0,2,2.74,2,12,5.87,4,20,65.52,29,2,7,25,12
1099,0,1,9.35,5,20,18.9,11,27,95.7,39,4,10,25,12
1100,1,4,4.95,3,24,13.22,8,19,86.15,34,3,8,25,12
1101,0,1,6.15,3,20,18.41,9,23,71.63,34,4,9,25,12
1102,0,2,4.2,1,4,4.2,1,7,46.79,10,1,3,25,12
1103,1,3,2.6,2,12,5.64,4,25,73.91,37,2,10,25,12
1104,1,2,10.25,5,6,22.88,11,11,93.71,30,2,6,25,12
1105,0,2,3.86,2,20,18.41,9,23,71.63,34,4,9,25,12
1106,1,3,2.19,1,36,15.88,7,21,46.37,20,7,9,25,12
1107,1,4,0.74,1,24,13.22,8,19,86.15,34,3,8,25,12
1108,0,1,10.38,3,6,28.24,10,8,70.84,19,2,4,25,12
1109,1,4,2.16,1,36,15.88,7,21,46.37,20,7,9,25,12
1110,0,1,2.15,1,36,15.88,7,21,46.37,20,7,9,25,12
1111,0,3,2.31,1,36,15.88,7,21,46.37,20,7,9,25,12
1112,0,2,17.87,7,6,28.24,10,8,70.84,19,2,4,25,12
1113,1,3,3.04,2,12,5.64,4,25,73.91,37,2,10,25,12
1114,0,1,12.63,6,6,22.88,11,11,93.71,30,2,6,25,12
1115,1,3,1.97,1,8,3.62,2,23,68.71,34,2,10,25,12
1116,1,4,2.2,1,36,15.88,7,21,46.37,20,7,9,25,12
1117,0,1,21.81,5,10,42.59,9,5,42.59,9,2,2,25,12
1118,0,1,1.65,1,8,3.62,2,23,68.71,34,2,10,25,12
1119,1,4,3.37,1,20,18.41,9,23,71.63,34,4,9,25,12
1120,0,4,20.78,4,10,42.59,9,5,42.59,9,2,2,25,12
1121,1,3,5.03,3,20,18.41,9,23,71.63,34,4,9,25,12
1122,0,1,2.22,1,36,15.88,7,21,46.37,20,7,9,25,12
1123,0,4,7.52,4,24,13.22,8,19,86.15,34,3,8,25,12
1124,0,2,2.66,1,36,15.88,7,21,46.37,20,7,9,25,12
1125,0,3,20.31,5,10,42.03,11,14,84.95,25,3,6,25,12
1126,0,4,24.52,7,20,44.32,15,10,44.32,15,4,4,25,12
1127,0,1,1.4,1,20,44.32,15,10,44.32,15,4,4,25,12
1128,0,3,10.45,2,8,19.79,4,18,59.37,18,2,7,25,12
1129,0,4,10.87,3,36,33.57,13,31,99.29,33,6,11,25,12
1130,0,1,4.18,1,12,25.14,6,26,178.26,45,3,11,25,12
1131,0,3,0.41,1,36,33.57,13,31,99.29,33,6,11,25,12
1132,0,4,15.48,5,20,44.32,15,10,44.32,15,4,4,25,12
1133,0,3,6.77,3,12,13.42,5,27,172.02,44,2,11,25,12
1134,0,1,17.79,5,16,72.81,17,20,153.13,39,4,8,25,12
1135,0,1,9.34,2,8,19.79,4,18,59.37,18,2,7,25,12
1136,0,1,1.72,1,10,42.03,11,14,84.95,25,3,6,25,12
1137,0,1,9.79,1,2,9.79,1,13,61.05,14,1,6,25,12
1138,0,1,17.13,4,16,72.81,17,20,153.13,39,4,8,25,12
1139,0,3,10.96,2,12,25.14,6,26,178.26,45,3,11,25,12
1140,0,2,9.99,3,12,25.14,6,26,178.26,45,3,11,25,12
1141,0,3,10.82,3,36,33.57,13,31,99.29,33,6,11,25,12
1142,0,2,18.12,4,16,72.81,17,20,153.13,39,4,8,25,12
1143,0,3,6.65,2,12,13.42,5,27,172.02,44,2,11,25,12
1144,1,4,0.34,1,36,33.57,13,31,99.29,33,6,11,25,12
1145,0,1,2.92,2,20,44.32,15,10,44.32,15,4,4,25,12
1146,0,4,19.77,4,16,72.81,17,20,153.13,39,4,8,25,12
1147,0,1,9.77,3,36,33.57,13,31,99.29,33,6,11,25,12
1148,0,1,20.01,5,10,42.03,11,14,84.95,25,3,6,25,12
1149,0,3,1.35,2,36,33.57,13,31,99.29,33,6,11,25,12
1150,0,1,37.77,8,14,118.7,27,13,181.53,43,4,6,25,12
1151,0,4,38.05,9,12,62.83,16,6,62.83,16,2,2,25,12
1152,0,4,1.25,2,16,25.44,8,21,206.97,51,2,8,25,12
1153,0,2,1.53,1,38,12.02,8,32,177.55,46,8,14,25,12
1154,0,1,12.4,3,14,118.7,27,13,181.53,43,4,6,25,12
1155,0,3,1.58,1,38,12.02,8,32,177.55,46,8,14,25,12
1156,0,3,1.56,1,38,12.02,8,32,177.55,46,8,14,25,12
1157,0,3,1.5,1,38,12.02,8,32,177.55,46,8,14,25,12
1158,0,2,38.57,8,14,118.7,27,13,181.53,43,4,6,25,12
1159,0,2,12.63,3,6,19.02,4,21,232.42,55,2,9,25,12
1160,0,1,1.45,1,38,12.02,8,32,177.55,46,8,14,25,12
1161,1,2,1.49,1,38,12.02,8,32,177.55,46,8,14,25,12
1162,0,1,8.88,2,14,28.79,7,27,254.83,61,3,11,25,12
1163,0,3,6.01,1,6,6.01,1,23,232.04,55,1,9,25,12
1164,0,1,10.07,2,2,10.07,2,24,227.48,53,1,10,25,12
1165,0,4,8.8,2,14,28.79,7,27,254.83,61,3,11,25,12
1166,0,2,24.79,7,12,62.83,16,6,62.83,16,2,2,25,12
1167,0,4,24.18,6,16,25.44,8,21,206.97,51,2,8,25,12
1168,0,1,6.38,1,6,19.02,4,21,232.42,55,2,9,25,12
1169,0,2,11.11,3,14,28.79,7,27,254.83,61,3,11,25,12
1170,0,2,20.09,5,10,21.37,6,26,228.34,57,2,10,25,12
1171,0,1,1.35,1,38,12.02,8,32,177.55,46,8,14,25,12
1172,0,3,1.28,1,10,21.37,6,26,228.34,57,2,10,25,12
1173,0,3,29.96,8,14,118.7,27,13,181.53,43,4,6,25,12
1174,0,4,1.55,1,38,12.02,8,32,177.55,46,8,14,25,12
1175,0,2,15.86,3,10,41.28,7,23,182.11,35,2,9,25,12
1176,0,3,2.02,1,24,9.84,5,18,33.67,11,5,7,25,12
1177,0,3,10.83,3,18,46.15,13,22,159.45,36,4,9,25,12
1178,0,4,2,1,24,9.84,5,18,33.67,11,5,7,25,12
1179,0,3,12.94,3,16,44.58,10,13,108.42,23,3,6,25,12
1180,0,2,1.84,1,24,9.84,5,18,33.67,11,5,7,25,12
1181,0,3,24.78,5,12,40.05,7,18,140.83,28,2,7,25,12
1182,0,2,5.74,1,14,69.58,14,9,77.33,16,4,5,25,12
1183,0,1,10.04,2,4,21.74,4,21,166.15,36,2,10,25,12
1184,0,3,25.42,4,10,41.28,7,23,182.11,35,2,9,25,12
1185,0,1,2,1,24,9.84,5,18,33.67,11,5,7,25,12
1186,0,1,11.7,2,4,21.74,4,21,166.15,36,2,10,25,12
1187,0,2,10.34,3,18,46.15,13,22,159.45,36,4,9,25,12
1188,0,3,13.85,4,18,46.15,13,22,159.45,36,4,9,25,12
1189,0,2,9.03,1,10,19,3,24,169.29,36,2,11,25,12
1190,0,2,24,4,14,69.58,14,9,77.33,16,4,5,25,12
1191,0,1,7.63,2,14,69.58,14,9,77.33,16,4,5,25,12
1192,0,2,7.76,2,4,7.76,2,2,7.76,2,1,1,25,12
1193,0,2,1.99,1,24,9.84,5,18,33.67,11,5,7,25,12
1194,0,2,32.21,7,14,69.58,14,9,77.33,16,4,5,25,12
1195,0,3,15.04,4,16,44.58,10,13,108.42,23,3,6,25,12
1196,0,3,9.97,2,10,19,3,24,169.29,36,2,11,25,12
1197,0,1,11.13,3,18,46.15,13,22,159.45,36,4,9,25,12
1198,0,3,15.26,2,12,40.05,7,18,140.83,28,2,7,25,12
1199,0,2,16.6,3,16,44.58,10,13,108.42,23,3,6,25,12
