"order_id","boolean_result","weight","express_cost","length","city_weight","city_express_cost","city_length","traffic_weight","traffic_express_cost","traffic_length","city_number_orders","city_traffic_number_orders","total_number_orders","total_number_cities","prob","one_or_zero"
0,"0",4,15.36,7,26,50.6,21,13,50.6,21,4,4,25,12,0.0324099301659774,"0"
1,"0",1,2.08,2,12,28.64,9,13,70.08,27,3,6,25,12,0.0113194241771525,"0"
2,"0",4,19.8,2,30,77.98,8,24,156.08,22,5,9,25,12,0.0084007659593473,"0"
3,"0",1,14.05,1,16,52.03,4,27,179.8,21,4,10,25,12,0.00167348977878417,"0"
4,"0",4,12.31,1,16,52.03,4,27,179.8,21,4,10,25,12,0.0387074501585028,"0"
5,"0",4,4.23,1,8,4.23,1,18,67.8,27,1,6,25,12,0.0741590710369457,"0"
6,"0",4,20.51,3,30,50.25,9,23,114.41,29,5,9,25,12,0.01301252210925,"0"
7,"0",1,8.5,1,30,77.98,8,24,156.08,22,5,9,25,12,0.00422410079201429,"0"
8,"0",3,8.55,1,30,77.98,8,24,156.08,22,5,9,25,12,0.0263345496910902,"0"
9,"0",4,2.76,1,30,50.25,9,23,114.41,29,5,9,25,12,0.233126815600279,"1"
10,"0",1,1.92,1,4,13.18,4,15,83.25,31,2,8,25,12,0.0169857568794562,"0"
11,"0",1,13.49,1,16,52.03,4,27,179.8,21,4,10,25,12,0.00189296935682087,"0"
12,"0",4,10.84,4,26,50.6,21,13,50.6,21,4,4,25,12,0.0275848406284864,"0"
13,"0",2,24.56,5,12,28.64,9,13,70.08,27,3,6,25,12,0.000654297611843023,"0"
14,"0",2,2.52,1,30,50.25,9,23,114.41,29,5,9,25,12,0.0473634771194266,"0"
15,"0",3,2.69,1,30,50.25,9,23,114.41,29,5,9,25,12,0.108410270560906,"0"
16,"0",4,20.26,2,30,77.98,8,24,156.08,22,5,9,25,12,0.00759677300163705,"0"
17,"0",2,12.18,1,16,52.03,4,27,179.8,21,4,10,25,12,0.00638663893361681,"0"
18,"0",1,12.97,5,2,12.97,5,14,63.57,26,1,5,25,12,0.00225960940901829,"0"
19,"0",1,11.26,3,4,13.18,4,15,83.25,31,2,8,25,12,0.00476245145618662,"0"
20,"0",2,13.11,6,26,50.6,21,13,50.6,21,4,4,25,12,0.00575786039144247,"0"
21,"0",3,20.87,2,30,77.98,8,24,156.08,22,5,9,25,12,0.00262862974272463,"0"
22,"0",3,11.3,4,26,50.6,21,13,50.6,21,4,4,25,12,0.00999423259253016,"0"
23,"0",3,2,2,12,28.64,9,13,70.08,27,3,6,25,12,0.0698716895216216,"0"
24,"0",2,21.77,3,30,50.25,9,23,114.41,29,5,9,25,12,0.00154671731973673,"0"
25,"1",4,7.1,2,22,26.9,8,29,151.14,45,3,10,25,12,0.177870121208159,"1"
26,"0",3,13.87,4,22,26.9,8,29,151.14,45,3,10,25,12,0.0399245934685078,"0"
27,"0",3,8.35,2,12,18.85,5,21,148.46,41,3,9,25,12,0.0414901680499964,"0"
28,"0",1,1.62,1,12,18.85,5,21,148.46,41,3,9,25,12,0.019697854073243,"0"
29,"0",2,7.15,1,20,29.33,5,28,157.7,39,4,11,25,12,0.0319565123410414,"0"
30,"0",2,19.14,5,8,33.78,9,4,33.78,9,2,2,25,12,0.000493407209681638,"0"
31,"0",3,30.23,8,28,90.46,28,18,124.24,37,5,7,25,12,0.0017505119151948,"0"
32,"0",2,14.38,4,4,14.38,4,19,150.92,43,1,8,25,12,0.00634484375774566,"0"
33,"0",2,6.57,3,28,90.46,28,18,124.24,37,5,7,25,12,0.0179932103380845,"0"
34,"0",2,22.78,6,18,40.38,13,38,191.52,58,4,14,25,12,0.0209510815704538,"0"
35,"0",1,4.11,1,8,24.36,6,30,181.64,53,2,12,25,12,0.0329732997004685,"0"
36,"0",3,23.5,7,28,90.46,28,18,124.24,37,5,7,25,12,0.00522028071249864,"0"
37,"0",1,7.44,3,18,40.38,13,38,191.52,58,4,14,25,12,0.0719572680971251,"0"
38,"0",2,18.47,6,28,90.46,28,18,124.24,37,5,7,25,12,0.00423386545990755,"0"
39,"0",1,6.22,1,20,29.33,5,28,157.7,39,4,11,25,12,0.0157095356252961,"0"
40,"1",4,5.93,2,22,26.9,8,29,151.14,45,3,10,25,12,0.218759325652938,"1"
41,"0",4,6.54,1,20,29.33,5,28,157.7,39,4,11,25,12,0.195781748861771,"1"
42,"0",2,4.42,1,4,4.42,1,15,101.49,26,1,6,25,12,0.00994483101819121,"0"
43,"0",3,5.5,2,18,40.38,13,38,191.52,58,4,14,25,12,0.342243423110189,"1"
44,"0",4,11.69,4,28,90.46,28,18,124.24,37,5,7,25,12,0.0532901271744849,"0"
45,"0",2,14.64,4,8,33.78,9,4,33.78,9,2,2,25,12,0.000902738470246097,"0"
46,"0",2,8.88,2,12,18.85,5,21,148.46,41,3,9,25,12,0.0149417512527209,"0"
47,"0",3,9.42,2,20,29.33,5,28,157.7,39,4,11,25,12,0.0696540749421502,"0"
48,"0",3,4.66,2,18,40.38,13,38,191.52,58,4,14,25,12,0.385059052238246,"1"
49,"0",3,20.25,5,8,24.36,6,30,181.64,53,2,12,25,12,0.0286660247288681,"0"
50,"0",1,6.61,1,10,19.28,3,23,85.6,26,3,9,25,12,0.00911404631442789,"0"
51,"0",3,6.86,1,10,19.28,3,23,85.6,26,3,9,25,12,0.0531338228243135,"0"
52,"0",2,1.88,2,4,1.88,2,14,72.17,25,1,5,25,12,0.0194570807073156,"0"
53,"0",3,8.26,4,32,40.87,16,28,107.77,42,5,10,25,12,0.151432057866427,"1"
54,"0",4,22.16,5,20,52.74,11,10,52.74,11,3,3,25,12,0.00224522882279986,"0"
55,"1",3,3.25,2,12,13.49,7,26,95.6,43,3,11,25,12,0.285567695108884,"1"
56,"0",2,12.99,6,10,31.75,14,15,84.49,25,2,5,25,12,0.00752900424114701,"0"
57,"0",2,4.1,2,4,4.1,2,26,94.5,41,1,10,25,12,0.079737830035206,"0"
58,"0",2,10.13,4,12,13.49,7,26,95.6,43,3,11,25,12,0.0697566236045095,"0"
59,"0",1,7.53,2,26,25.24,8,27,80.57,31,5,10,25,12,0.0169025709711211,"0"
60,"0",3,14.2,2,20,52.74,11,10,52.74,11,3,3,25,12,0.00159979264595588,"0"
61,"0",1,0.94,1,26,25.24,8,27,80.57,31,5,10,25,12,0.0475171442954955,"0"
62,"1",3,0.96,1,26,25.24,8,27,80.57,31,5,10,25,12,0.242533763386984,"1"
63,"1",4,3.5,1,32,40.87,16,28,107.77,42,5,10,25,12,0.28804456166501,"1"
64,"0",1,0.11,1,12,13.49,7,26,95.6,43,3,11,25,12,0.0775668775866212,"0"
65,"0",1,5.81,1,10,19.28,3,23,85.6,26,3,9,25,12,0.0108528243063609,"0"
66,"0",3,18.76,8,10,31.75,14,15,84.49,25,2,5,25,12,0.0115826032152272,"0"
67,"0",3,16.38,4,20,52.74,11,10,52.74,11,3,3,25,12,0.00214646354777395,"0"
68,"0",1,7.95,3,32,40.87,16,28,107.77,42,5,10,25,12,0.0197206914585735,"0"
69,"0",4,8.23,2,26,25.24,8,27,80.57,31,5,10,25,12,0.194311783235586,"1"
70,"0",1,5.09,3,6,13,7,17,85.17,32,2,7,25,12,0.0120441999380535,"0"
71,"0",4,7.08,3,32,40.87,16,28,107.77,42,5,10,25,12,0.2851528516011,"1"
72,"0",2,7.9,4,6,13,7,17,85.17,32,2,7,25,12,0.0239577198517245,"0"
73,"1",4,14.08,5,32,40.87,16,28,107.77,42,5,10,25,12,0.1561514665781,"1"
74,"0",4,7.58,2,26,25.24,8,27,80.57,31,5,10,25,12,0.217731331567275,"1"
75,"1",4,1.38,1,20,19.64,7,41,218.73,73,4,16,25,12,0.816363601526117,"1"
76,"0",2,10.62,2,26,103.68,26,18,188.05,49,5,8,25,12,0.00555139835002575,"0"
77,"0",1,5.38,2,20,19.64,7,41,218.73,73,4,16,25,12,0.142130489978678,"1"
78,"0",3,6.22,2,20,19.64,7,41,218.73,73,4,16,25,12,0.470201121789482,"1"
79,"1",2,1.37,2,18,13.77,8,34,207.48,69,3,13,25,12,0.236705777889952,"1"
80,"0",1,20.08,5,10,84.37,23,5,84.37,23,3,3,25,12,0.000185213455624912,"0"
81,"0",3,12.6,4,10,17.65,6,23,205.7,55,2,10,25,12,0.0400554462124378,"0"
82,"0",2,11.41,4,20,35.75,12,35,259.44,75,4,14,25,12,0.078914407620154,"0"
83,"1",3,4.61,1,20,35.75,12,35,259.44,75,4,14,25,12,0.233447546686422,"1"
84,"0",4,20.24,4,26,103.68,26,18,188.05,49,5,8,25,12,0.00928263250709349,"0"
85,"0",2,6.66,2,20,19.64,7,41,218.73,73,4,16,25,12,0.240833749023691,"1"
86,"0",3,26.75,8,26,103.68,26,18,188.05,49,5,8,25,12,0.00412296813452834,"0"
87,"0",1,27.93,8,26,103.68,26,18,188.05,49,5,8,25,12,0.000494859697781326,"0"
88,"0",3,30.58,9,10,84.37,23,5,84.37,23,3,3,25,12,0.000555618065763594,"0"
89,"1",4,5.52,3,18,13.77,8,34,207.48,69,3,13,25,12,0.54125075610368,"1"
90,"0",1,2.45,1,14,36.11,13,28,231.19,66,3,12,25,12,0.0368360950912378,"0"
91,"0",3,8.38,3,20,35.75,12,35,259.44,75,4,14,25,12,0.223571092315119,"1"
92,"0",3,6.88,3,18,13.77,8,34,207.48,69,3,13,25,12,0.256123039199048,"1"
93,"0",2,17.23,6,14,36.11,13,28,231.19,66,3,12,25,12,0.0252689220949315,"0"
94,"0",1,33.71,9,10,84.37,23,5,84.37,23,3,3,25,12,4.32506992672144e-05,"0"
95,"0",4,16.43,6,14,36.11,13,28,231.19,66,3,12,25,12,0.16621840940521,"1"
96,"0",3,18.14,4,26,103.68,26,18,188.05,49,5,8,25,12,0.00582877502155229,"0"
97,"0",2,5.05,2,10,17.65,6,23,205.7,55,2,10,25,12,0.0384557199691969,"0"
98,"0",4,9.94,4,8,9.94,4,28,206.31,65,1,11,25,12,0.22335930342041,"1"
99,"1",2,11.34,4,20,35.75,12,35,259.44,75,4,14,25,12,0.0800434210868229,"0"
100,"0",1,27.8,7,16,99.76,23,22,235.77,47,4,8,25,12,0.000271432691584404,"0"
101,"0",4,33.58,6,8,33.58,6,14,136.01,24,1,4,25,12,0.000265520813644117,"0"
102,"0",1,16.11,6,8,33.34,11,26,269.1,58,2,10,25,12,0.00467771612515089,"0"
103,"0",3,23.86,7,16,99.76,23,22,235.77,47,4,8,25,12,0.00415460278536065,"0"
104,"0",1,0.82,1,10,1.61,2,29,108.49,50,2,13,25,12,0.133877125629962,"0"
105,"0",2,3.13,2,24,12.02,6,35,156.93,61,4,15,25,12,0.384154804704917,"1"
106,"1",2,6.93,5,12,16.76,11,32,285.86,69,3,13,25,12,0.163659977746651,"1"
107,"0",4,33.67,6,20,102.43,18,10,102.43,18,3,3,25,12,0.000203734454655984,"0"
108,"0",3,7.68,5,12,16.76,11,32,285.86,69,3,13,25,12,0.296335366768649,"1"
109,"0",2,3.84,3,22,8.97,8,37,218.74,70,4,15,25,12,0.364878722826713,"1"
110,"0",3,29.83,5,20,102.43,18,10,102.43,18,3,3,25,12,0.000126992058751686,"0"
111,"0",2,3.82,3,22,8.97,8,37,218.74,70,4,15,25,12,0.365901110136001,"1"
112,"0",4,2.85,1,24,12.02,6,35,156.93,61,4,15,25,12,0.743794608968598,"1"
113,"0",4,0.79,1,10,1.61,2,29,108.49,50,2,13,25,12,0.718055825992065,"1"
114,"0",4,5.17,4,10,10.42,8,30,243.43,68,2,12,25,12,0.508132132739411,"1"
115,"0",3,20.87,3,16,99.76,23,22,235.77,47,4,8,25,12,0.00170856627780931,"0"
116,"0",1,27.23,6,16,99.76,23,22,235.77,47,4,8,25,12,0.000208907570683127,"0"
117,"1",3,2.76,1,24,12.02,6,35,156.93,61,4,15,25,12,0.538386872792211,"1"
118,"1",3,0.69,1,22,8.97,8,37,218.74,70,4,15,25,12,0.57367779650893,"1"
119,"0",3,17.23,5,8,33.34,11,26,269.1,58,2,10,25,12,0.0158102594731012,"0"
120,"1",4,0.62,1,22,8.97,8,37,218.74,70,4,15,25,12,0.776273527098776,"1"
121,"0",1,5.25,4,10,10.42,8,30,243.43,68,2,12,25,12,0.0583906882083725,"0"
122,"0",1,2.15,1,12,16.76,11,32,285.86,69,3,13,25,12,0.0448125390266796,"0"
123,"0",3,3.28,2,24,12.02,6,35,156.93,61,4,15,25,12,0.605099213869008,"1"
124,"0",3,38.93,7,20,102.43,18,10,102.43,18,3,3,25,12,3.70828085952306e-05,"0"
125,"0",4,3.4,1,30,19.9,6,30,73.2,28,6,12,25,12,0.530716131074947,"1"
126,"0",2,32.58,7,8,48.65,9,12,125.03,24,2,6,25,12,0.000183555502544692,"0"
127,"0",1,4.78,2,8,9.3,4,29,132.97,49,2,12,25,12,0.052551695502573,"0"
128,"0",3,17.4,7,8,28.77,11,15,138.93,33,2,7,25,12,0.0183491373640197,"0"
129,"1",3,3.26,1,30,19.9,6,30,73.2,28,6,12,25,12,0.314774166494268,"1"
130,"0",1,6.38,3,8,14.86,7,15,130.54,42,2,8,25,12,0.0109207323152808,"0"
131,"0",3,28.54,7,16,76.37,15,8,76.37,15,4,4,25,12,0.000633028075912524,"0"
132,"0",3,15.02,3,16,76.37,15,8,76.37,15,4,4,25,12,0.00264094199189323,"0"
133,"0",3,8.48,4,8,14.86,7,15,130.54,42,2,8,25,12,0.0619211705297597,"0"
134,"1",3,9.24,4,28,32.25,14,29,162.79,56,4,12,25,12,0.1997707183631,"1"
135,"1",3,6.22,3,28,32.25,14,29,162.79,56,4,12,25,12,0.247964984200083,"1"
136,"0",1,14.87,2,16,76.37,15,8,76.37,15,4,4,25,12,0.000288074248845462,"0"
137,"1",4,6.61,3,28,32.25,14,29,162.79,56,4,12,25,12,0.434455142215419,"1"
138,"0",4,10.18,4,28,32.25,14,29,162.79,56,4,12,25,12,0.340025535896088,"1"
139,"0",1,3.27,1,30,19.9,6,30,73.2,28,6,12,25,12,0.0663814563736821,"0"
140,"0",1,3.65,1,30,19.9,6,30,73.2,28,6,12,25,12,0.0613744200529664,"0"
141,"0",1,7.17,3,2,7.17,3,29,158.59,55,1,12,25,12,0.0406525795670635,"0"
142,"0",1,17.94,3,16,76.37,15,8,76.37,15,4,4,25,12,0.000215731626605063,"0"
143,"0",2,16.07,2,8,48.65,9,12,125.03,24,2,6,25,12,0.00100596296136053,"0"
144,"0",2,3.07,1,30,19.9,6,30,73.2,28,6,12,25,12,0.158720030984896,"1"
145,"0",1,11.37,4,8,28.77,11,15,138.93,33,2,7,25,12,0.00341386720566707,"0"
146,"1",4,3.25,1,30,19.9,6,30,73.2,28,6,12,25,12,0.538942929919682,"1"
147,"0",3,4.52,2,8,9.3,4,29,132.97,49,2,12,25,12,0.274660544716936,"1"
148,"0",1,11.61,5,4,25.78,10,11,115.67,35,2,6,25,12,0.00354288661245359,"0"
149,"0",1,14.16,5,4,25.78,10,11,115.67,35,2,6,25,12,0.00202243742737636,"0"
150,"0",4,16.85,5,26,84.6,21,29,281.84,74,5,13,25,12,0.126282189069403,"0"
151,"0",3,9.75,3,22,128.13,38,15,158.94,46,6,7,25,12,0.0189880260412242,"0"
152,"0",2,0.06,1,6,6.69,3,18,165.63,49,2,9,25,12,0.0618788899424996,"0"
153,"1",2,1.41,1,14,10.25,6,40,309.81,84,3,17,25,12,0.395406580262562,"1"
154,"0",1,20.9,5,26,84.6,21,29,281.84,74,5,13,25,12,0.00360287187340705,"0"
155,"0",3,24.81,8,22,128.13,38,15,158.94,46,6,7,25,12,0.00483454941322336,"0"
156,"0",1,20.09,4,8,48.04,10,20,213.61,58,2,10,25,12,0.00119134958178447,"0"
157,"0",1,5.4,3,14,10.25,6,40,309.81,84,3,17,25,12,0.188322340672967,"1"
158,"1",4,15.36,4,12,29.99,8,33,299.56,78,2,14,25,12,0.158716248547443,"1"
159,"0",1,16.71,4,26,84.6,21,29,281.84,74,5,13,25,12,0.00614319399586993,"0"
160,"0",4,2.35,1,16,4.85,2,32,189.7,55,2,12,25,12,0.441259170376501,"1"
161,"0",1,25.65,8,22,128.13,38,15,158.94,46,6,7,25,12,0.00062579806491031,"0"
162,"1",1,1.82,1,10,6.5,3,39,281.67,79,2,16,25,12,0.151938481536632,"1"
163,"0",3,13.14,3,26,84.6,21,29,281.84,74,5,13,25,12,0.0560826448003621,"0"
164,"0",1,27.02,7,22,128.13,38,15,158.94,46,6,7,25,12,0.000314118367957228,"0"
165,"0",4,30.82,8,8,30.82,8,4,30.82,8,1,1,25,12,0.000519182740612544,"0"
166,"0",2,14.63,4,12,29.99,8,33,299.56,78,2,14,25,12,0.0332324700921137,"0"
167,"0",2,12.27,4,22,128.13,38,15,158.94,46,6,7,25,12,0.00640305133868498,"0"
168,"0",4,17,4,26,84.6,21,29,281.84,74,5,13,25,12,0.0866809068008696,"0"
169,"0",1,6.63,2,6,6.69,3,18,165.63,49,2,9,25,12,0.0089126759740547,"0"
170,"0",4,4.67,2,10,6.5,3,39,281.67,79,2,16,25,12,0.697431447682008,"1"
171,"0",3,27.96,6,8,48.04,10,20,213.61,58,2,10,25,12,0.00293583326875942,"0"
172,"0",1,28.63,8,22,128.13,38,15,158.94,46,6,7,25,12,0.000324527390897401,"0"
173,"1",4,3.44,2,14,10.25,6,40,309.81,84,3,17,25,12,0.798819078847973,"1"
174,"0",4,2.49,1,16,4.85,2,32,189.7,55,2,12,25,12,0.433664074333692,"1"
175,"0",3,1.05,1,22,27.26,13,13,53.62,21,5,6,25,12,0.0639638574986883,"0"
176,"1",4,4.04,1,24,35.7,9,25,99.17,33,4,9,25,12,0.198504210788213,"1"
177,"0",3,21.34,5,24,35.7,9,25,99.17,33,4,9,25,12,0.0100393065676948,"0"
178,"0",1,1.39,1,16,54.01,12,24,145.84,43,4,11,25,12,0.046854056255746,"0"
179,"0",1,6.44,1,12,26.13,4,13,85.54,15,4,7,25,12,0.00414526082367379,"0"
180,"0",1,6.9,1,12,26.13,4,13,85.54,15,4,7,25,12,0.00374700081851228,"0"
181,"0",2,15.89,4,14,23.81,9,18,98.84,34,4,9,25,12,0.00894815306818474,"0"
182,"0",3,7.91,3,22,27.26,13,13,53.62,21,5,6,25,12,0.0316585903199139,"0"
183,"0",2,11.34,2,12,31.84,5,24,160.03,38,2,9,25,12,0.00824791224966121,"0"
184,"0",4,13.71,3,16,54.01,12,24,145.84,43,4,11,25,12,0.103555267400714,"0"
185,"0",1,21.02,4,16,54.01,12,24,145.84,43,4,11,25,12,0.00207100221575275,"0"
186,"0",1,5.42,2,24,35.7,9,25,99.17,33,4,9,25,12,0.0161797466823893,"0"
187,"0",2,26.36,8,4,26.36,8,2,26.36,8,1,1,25,12,0.000220267965448828,"0"
188,"0",1,1.59,1,14,23.81,9,18,98.84,34,4,9,25,12,0.0253522644977409,"0"
189,"0",4,4.9,1,24,35.7,9,25,99.17,33,4,9,25,12,0.170051592780593,"1"
190,"0",2,17.88,4,16,54.01,12,24,145.84,43,4,11,25,12,0.0104190987694629,"0"
191,"0",3,3.37,2,14,23.81,9,18,98.84,34,4,9,25,12,0.143008675093626,"1"
192,"0",3,7.29,3,22,27.26,13,13,53.62,21,5,6,25,12,0.036127927338934,"0"
193,"0",1,6.12,1,12,26.13,4,13,85.54,15,4,7,25,12,0.00444690665034662,"0"
194,"0",3,6.67,1,12,26.13,4,13,85.54,15,4,7,25,12,0.0248729239038128,"0"
195,"0",1,9.92,5,22,27.26,13,13,53.62,21,5,6,25,12,0.00701855254521854,"0"
196,"0",1,2.96,2,14,23.81,9,18,98.84,34,4,9,25,12,0.027553429708832,"0"
197,"1",4,11.99,5,8,11.99,5,13,63.47,24,1,5,25,12,0.0440063085283542,"0"
198,"0",4,20.5,3,12,31.84,5,24,160.03,38,2,9,25,12,0.0103763698806274,"0"
199,"0",1,1.09,1,22,27.26,13,13,53.62,21,5,6,25,12,0.0103978210317582,"0"
200,"0",2,12.03,2,16,38.52,6,23,178.22,51,3,11,25,12,0.0147275220613491,"0"
201,"0",3,19.76,8,16,53.79,19,8,53.79,19,3,3,25,12,0.00476315791634989,"0"
202,"0",1,13.41,5,18,39.75,16,23,132.94,55,4,11,25,12,0.0171738882996073,"0"
203,"0",1,5.58,3,18,39.75,16,23,132.94,55,4,11,25,12,0.0432741935149273,"0"
204,"0",4,5.68,2,16,53.79,19,8,53.79,19,3,3,25,12,0.0257925048558699,"0"
205,"0",1,5.63,3,14,15.75,8,30,148.68,63,3,14,25,12,0.125557912562838,"0"
206,"0",3,4.48,2,14,15.75,8,30,148.68,63,3,14,25,12,0.447373975678939,"1"
207,"0",4,2.61,1,28,47.69,23,19,100.07,42,6,9,25,12,0.252564874461,"1"
208,"0",2,16.02,6,28,47.69,23,19,100.07,42,6,9,25,12,0.0185761781040369,"0"
209,"0",2,13.81,2,16,38.52,6,23,178.22,51,3,11,25,12,0.00999512774836583,"0"
210,"0",2,14.93,4,12,34.17,10,29,175.09,68,3,15,25,12,0.0839155512003526,"0"
211,"0",2,13.94,3,4,13.94,3,24,162.95,58,1,12,25,12,0.0231123648255312,"0"
212,"0",2,7.72,5,28,47.69,23,19,100.07,42,6,9,25,12,0.0741320628065968,"0"
213,"0",4,2.43,2,18,39.75,16,23,132.94,55,4,11,25,12,0.501565118518424,"1"
214,"0",3,4.28,2,12,34.17,10,29,175.09,68,3,15,25,12,0.528530641109921,"1"
215,"0",1,4.27,2,2,4.27,2,9,58.06,21,1,4,25,12,0.00326132865205531,"0"
216,"0",1,7.66,4,28,47.69,23,19,100.07,42,6,9,25,12,0.0212280090190062,"0"
217,"0",3,5.63,3,14,15.75,8,30,148.68,63,3,14,25,12,0.480693018511062,"1"
218,"0",1,14.97,4,12,34.17,10,29,175.09,68,3,15,25,12,0.034526478424193,"0"
219,"0",3,18.33,6,18,39.75,16,23,132.94,55,4,11,25,12,0.0531215152868435,"0"
220,"0",3,5.34,3,28,47.69,23,19,100.07,42,6,9,25,12,0.136636553361697,"0"
221,"0",4,4.26,1,8,4.26,1,21,133.29,33,1,9,25,12,0.165601349628232,"1"
222,"0",2,8.35,4,28,47.69,23,19,100.07,42,6,9,25,12,0.0451607078188676,"0"
223,"0",1,28.35,9,16,53.79,19,8,53.79,19,3,3,25,12,0.000164605264716901,"0"
224,"0",4,12.68,2,16,38.52,6,23,178.22,51,3,11,25,12,0.0770625459101126,"0"
225,"0",3,19.42,3,12,45.88,8,23,169.41,40,2,8,25,12,0.00328747383938541,"0"
226,"0",4,1.23,1,18,3.91,5,31,212.54,55,3,12,25,12,0.473793775042597,"1"
227,"0",4,29.17,8,42,124.02,33,21,124.02,33,7,7,25,12,0.00559918129767334,"0"
228,"1",2,0.99,1,18,3.91,5,31,212.54,55,3,12,25,12,0.128357033043055,"0"
229,"0",3,0.07,1,24,0.37,6,23,51.51,22,6,9,25,12,0.229587650240545,"1"
230,"0",4,2.44,1,8,2.44,1,4,2.44,1,1,1,25,12,0.020329502635504,"0"
231,"0",3,0.06,1,24,0.37,6,23,51.51,22,6,9,25,12,0.229977819188679,"1"
232,"0",3,26.46,5,12,45.88,8,23,169.41,40,2,8,25,12,0.00151433355896841,"0"
233,"0",2,5.74,3,4,5.74,3,22,208.63,50,1,9,25,12,0.0318677883760167,"0"
234,"0",3,28.06,7,42,124.02,33,21,124.02,33,7,7,25,12,0.00191879968511164,"0"
235,"0",2,0.06,1,24,0.37,6,23,51.51,22,6,9,25,12,0.105249351459848,"0"
236,"0",2,0.06,1,24,0.37,6,23,51.51,22,6,9,25,12,0.105249351459848,"0"
237,"0",4,20.28,5,16,31.35,6,27,233.38,51,2,10,25,12,0.0243468243813722,"0"
238,"0",1,0.06,1,24,0.37,6,23,51.51,22,6,9,25,12,0.0442775794990357,"0"
239,"0",3,1.69,3,18,3.91,5,31,212.54,55,3,12,25,12,0.410229300192122,"1"
240,"0",4,0.45,1,8,0.45,1,22,131.12,37,1,8,25,12,0.234781254057596,"1"
241,"0",4,11.07,1,16,31.35,6,27,233.38,51,2,10,25,12,0.0387730842845475,"0"
242,"0",2,9.84,3,42,124.02,33,21,124.02,33,7,7,25,12,0.00884183212091723,"0"
243,"0",4,3.27,2,42,124.02,33,21,124.02,33,7,7,25,12,0.142463787974341,"1"
244,"0",3,23.91,6,42,124.02,33,21,124.02,33,7,7,25,12,0.00324695062433586,"0"
245,"0",1,29.28,6,42,124.02,33,21,124.02,33,7,7,25,12,0.000154650418015975,"0"
246,"0",1,22.7,5,4,45.74,10,21,211.87,48,2,9,25,12,0.000657887054466714,"0"
247,"0",4,0.5,1,42,124.02,33,21,124.02,33,7,7,25,12,0.17195183096547,"1"
248,"0",1,0.06,1,24,0.37,6,23,51.51,22,6,9,25,12,0.0442775794990357,"0"
249,"0",1,23.03,5,4,45.74,10,21,211.87,48,2,9,25,12,0.000611753187874563,"0"
250,"0",2,1.85,1,16,18.07,7,16,89.45,25,4,8,25,12,0.0413890596776507,"0"
251,"0",1,1.86,1,16,18.07,7,16,89.45,25,4,8,25,12,0.0166845048793104,"0"
252,"0",4,19.87,4,8,19.87,4,16,94.38,27,1,6,25,12,0.00707192002395245,"0"
253,"0",3,22.28,4,18,40.67,6,23,140.71,31,3,9,25,12,0.00451195886409675,"0"
254,"0",3,8.72,4,32,63.95,23,16,63.95,23,7,7,25,12,0.0547513276823015,"0"
255,"0",2,23.71,7,32,63.95,23,16,63.95,23,7,7,25,12,0.00267153913878185,"0"
256,"0",2,17.31,5,32,63.95,23,16,63.95,23,7,7,25,12,0.00503348792429841,"0"
257,"0",1,7.39,1,10,39.45,9,16,119.93,27,4,8,25,12,0.00427759126991696,"0"
258,"0",3,2.55,1,6,2.55,1,5,24.36,8,1,3,25,12,0.0161167226369161,"0"
259,"0",1,13.08,4,10,39.45,9,16,119.93,27,4,8,25,12,0.00390401042319841,"0"
260,"0",1,6.68,1,10,39.45,9,16,119.93,27,4,8,25,12,0.00499875747159572,"0"
261,"0",2,3.74,2,32,63.95,23,16,63.95,23,7,7,25,12,0.0305418060643361,"0"
262,"0",1,8.73,3,16,18.07,7,16,89.45,25,4,8,25,12,0.0080348994169514,"0"
263,"0",2,9.4,3,32,63.95,23,16,63.95,23,7,7,25,12,0.0131528370752652,"0"
264,"0",1,9.18,2,6,23.79,5,17,108.76,29,2,7,25,12,0.00297110612259413,"0"
265,"0",1,0.48,1,32,63.95,23,16,63.95,23,7,7,25,12,0.0169853116184088,"0"
266,"0",3,15.35,4,10,19.03,5,16,81.92,26,2,7,25,12,0.0121121224428784,"0"
267,"0",4,0.58,1,32,63.95,23,16,63.95,23,7,7,25,12,0.216701707220214,"1"
268,"1",4,9.23,1,18,40.67,6,23,140.71,31,3,9,25,12,0.0600636353471648,"0"
269,"0",2,14.62,3,6,23.79,5,17,108.76,29,2,7,25,12,0.00334877739455295,"0"
270,"0",2,9.16,1,18,40.67,6,23,140.71,31,3,9,25,12,0.00996631286912744,"0"
271,"0",2,12.31,3,10,39.45,9,16,119.93,27,4,8,25,12,0.00794010814152073,"0"
272,"0",4,5.62,2,16,18.07,7,16,89.45,25,4,8,25,12,0.151550608117428,"1"
273,"0",4,3.76,1,8,3.76,1,15,65.79,17,1,6,25,12,0.0823613998683922,"0"
274,"0",2,3.68,1,10,19.03,5,16,81.92,26,2,7,25,12,0.0193969799880777,"0"
275,"1",3,2.13,1,44,16.65,7,26,63.14,17,7,9,25,12,0.151390775510759,"1"
276,"0",1,5.95,2,12,19.57,8,6,19.57,8,3,3,25,12,0.00180943891374993,"0"
277,"0",1,1.73,1,18,39.02,8,12,71.79,15,4,5,25,12,0.00546331190458797,"0"
278,"0",1,2.31,1,8,4.32,2,15,94.52,22,2,6,25,12,0.00648350153987462,"0"
279,"0",4,12.04,2,18,39.02,8,12,71.79,15,4,5,25,12,0.0134630674104719,"0"
280,"0",3,14.49,3,12,26.17,5,17,110.66,26,2,6,25,12,0.00570711244693033,"0"
281,"0",2,2.57,1,44,16.65,7,26,63.14,17,7,9,25,12,0.0599449729135878,"0"
282,"0",4,10.66,1,26,39.39,4,24,109.46,18,4,8,25,12,0.0348050574499523,"0"
283,"1",4,9.19,1,26,39.39,4,24,109.46,18,4,8,25,12,0.0474938241774375,"0"
284,"0",2,8.55,1,26,39.39,4,24,109.46,18,4,8,25,12,0.00882801732725982,"0"
285,"0",3,2.27,1,44,16.65,7,26,63.14,17,7,9,25,12,0.147468162776024,"1"
286,"0",1,13.72,3,18,39.02,8,12,71.79,15,4,5,25,12,0.000847475360840424,"0"
287,"0",4,22.9,5,10,42.95,10,11,62.52,18,2,5,25,12,0.00415707089728615,"0"
288,"0",4,2.47,1,44,16.65,7,26,63.14,17,7,9,25,12,0.295897014815062,"1"
289,"0",3,11.68,2,12,26.17,5,17,110.66,26,2,6,25,12,0.00718619180424602,"0"
290,"0",2,4.85,2,12,19.57,8,6,19.57,8,3,3,25,12,0.00583140194914743,"0"
291,"0",3,8.77,4,12,19.57,8,6,19.57,8,3,3,25,12,0.0134402309690399,"0"
292,"0",4,2.35,1,44,16.65,7,26,63.14,17,7,9,25,12,0.301438242747563,"1"
293,"0",3,32.77,7,6,32.77,7,11,84.49,21,1,4,25,12,0.000239180439748896,"0"
294,"0",3,2.01,1,8,4.32,2,15,94.52,22,2,6,25,12,0.0430124616111848,"0"
295,"0",3,11.53,2,18,39.02,8,12,71.79,15,4,5,25,12,0.00597846951157718,"0"
296,"1",3,2.18,1,44,16.65,7,26,63.14,17,7,9,25,12,0.149980092995334,"1"
297,"0",3,2.68,1,44,16.65,7,26,63.14,17,7,9,25,12,0.1364627616238,"0"
298,"0",1,20.05,5,10,42.95,10,11,62.52,18,2,5,25,12,0.000477815554538361,"0"
299,"0",3,11,1,26,39.39,4,24,109.46,18,4,8,25,12,0.0130054145936558,"0"
300,"0",4,25.65,6,34,86.32,20,26,183.07,46,6,10,25,12,0.014315645265642,"0"
301,"0",1,24.01,5,34,86.32,20,26,183.07,46,6,10,25,12,0.000863796760074572,"0"
302,"0",1,16.41,4,8,22.32,5,37,249.45,62,2,13,25,12,0.00772205354245771,"0"
303,"0",4,17.49,4,26,67.03,16,33,227.13,57,4,11,25,12,0.0467003022885974,"0"
304,"0",2,2.72,1,8,7.6,3,32,223.18,56,2,13,25,12,0.126135204841795,"0"
305,"0",1,28.11,8,18,91.21,26,9,91.21,26,4,4,25,12,0.000147608435720201,"0"
306,"0",4,33.73,9,18,91.21,26,9,91.21,26,4,4,25,12,0.00103028450404021,"0"
307,"0",4,4.08,1,34,86.32,20,26,183.07,46,6,10,25,12,0.195530150302426,"1"
308,"0",4,18.31,4,26,67.03,16,33,227.13,57,4,11,25,12,0.0392805590438623,"0"
309,"0",3,10.95,3,34,86.32,20,26,183.07,46,6,10,25,12,0.0437014417251534,"0"
310,"0",2,4.88,2,8,7.6,3,32,223.18,56,2,13,25,12,0.116684196930153,"0"
311,"0",1,16.3,4,26,67.03,16,33,227.13,57,4,11,25,12,0.00387562629008965,"0"
312,"0",2,10.26,2,8,20.63,5,32,232.3,57,2,12,25,12,0.0247996544312273,"0"
313,"0",2,10.37,3,8,20.63,5,32,232.3,57,2,12,25,12,0.0352801054103999,"0"
314,"0",1,8.46,3,18,91.21,26,9,91.21,26,4,4,25,12,0.00161539132817417,"0"
315,"1",3,5.92,1,8,22.32,5,37,249.45,62,2,13,25,12,0.136765319093263,"0"
316,"0",3,20.91,6,18,91.21,26,9,91.21,26,4,4,25,12,0.00213947534491966,"0"
317,"0",1,4.9,1,34,86.32,20,26,183.07,46,6,10,25,12,0.0122419181128782,"0"
318,"0",3,1.52,1,6,1.52,1,16,92.57,25,1,6,25,12,0.0481359818359624,"0"
319,"0",2,7.96,2,8,23.04,6,13,114.25,32,3,7,25,12,0.00953748589496667,"0"
320,"0",3,8.56,1,6,8.56,1,15,121.72,32,1,7,25,12,0.0138046284982978,"0"
321,"0",1,13.99,3,8,23.04,6,13,114.25,32,3,7,25,12,0.00147661694059175,"0"
322,"0",4,16.73,4,34,86.32,20,26,183.07,46,6,10,25,12,0.0456248515645393,"0"
323,"0",1,1.09,1,8,23.04,6,13,114.25,32,3,7,25,12,0.0115696860304495,"0"
324,"1",4,14.93,4,26,67.03,16,33,227.13,57,4,11,25,12,0.0793062113905444,"0"
325,"0",2,2.21,1,12,4.54,2,35,260.08,70,2,13,25,12,0.118137292053275,"0"
326,"0",3,14.65,4,18,21.25,7,33,240.14,68,3,11,25,12,0.0326786495287949,"0"
327,"0",1,2.69,1,2,2.69,1,32,241.03,68,1,11,25,12,0.022273065831583,"0"
328,"0",4,34,9,38,154.51,40,19,154.51,40,6,6,25,12,0.00161524384651473,"0"
329,"0",4,14.98,5,38,154.51,40,19,154.51,40,6,6,25,12,0.022231628840609,"0"
330,"0",2,3.62,1,12,7.96,2,25,156.57,42,2,8,25,12,0.0203739276862845,"0"
331,"0",4,4.34,1,12,7.96,2,25,156.57,42,2,8,25,12,0.102652776241792,"0"
332,"0",1,27.32,8,16,52.75,18,24,198.2,57,3,8,25,12,0.000537677088209207,"0"
333,"0",3,0.95,2,16,52.75,18,24,198.2,57,3,8,25,12,0.10192620596616,"0"
334,"0",4,34.77,9,38,154.51,40,19,154.51,40,6,6,25,12,0.00136340730862184,"0"
335,"1",4,4.8,2,18,21.25,7,33,240.14,68,3,11,25,12,0.257380277440438,"1"
336,"0",1,32.23,8,38,154.51,40,19,154.51,40,6,6,25,12,9.90963134344968e-05,"0"
337,"0",3,29.48,8,38,154.51,40,19,154.51,40,6,6,25,12,0.00117008011490429,"0"
338,"0",2,1.8,1,18,21.25,7,33,240.14,68,3,11,25,12,0.0660285574234775,"0"
339,"0",3,21.64,6,6,21.64,6,27,219.84,63,1,9,25,12,0.0075289734589986,"0"
340,"0",3,9.05,1,38,154.51,40,19,154.51,40,6,6,25,12,0.00697511009506168,"0"
341,"0",1,7.12,1,16,22.99,4,31,245.01,64,3,11,25,12,0.0083372642782251,"0"
342,"0",4,24.48,8,16,52.75,18,24,198.2,57,3,8,25,12,0.0162019301617405,"0"
343,"0",3,9.94,2,16,22.99,4,31,245.01,64,3,11,25,12,0.041121363642782,"0"
344,"1",1,9.13,2,16,44.11,9,31,262.67,69,4,12,25,12,0.0108957914220308,"0"
345,"0",2,9.75,2,16,44.11,9,31,262.67,69,4,12,25,12,0.0238151607960412,"0"
346,"0",2,7.12,1,16,44.11,9,31,262.67,69,4,12,25,12,0.0287185003913553,"0"
347,"0",3,18.1,4,16,44.11,9,31,262.67,69,4,12,25,12,0.0208920711549382,"0"
348,"1",4,2.33,1,12,4.54,2,35,260.08,70,2,13,25,12,0.456834952074234,"1"
349,"1",4,5.93,1,16,22.99,4,31,245.01,64,3,11,25,12,0.151745462119456,"1"
350,"1",3,3.03,2,16,32.58,8,28,171.01,53,3,12,25,12,0.302493241080889,"1"
351,"0",1,31.39,5,14,68.34,13,25,154.25,52,4,12,25,12,0.000451019695392687,"0"
352,"1",4,4.69,3,20,18.6,9,22,88.06,42,3,9,25,12,0.330138566909597,"1"
353,"0",1,15.86,3,16,32.58,8,28,171.01,53,3,12,25,12,0.0058240808306798,"0"
354,"0",3,31.64,9,22,66.07,25,11,66.07,25,6,6,25,12,0.00167571150837338,"0"
355,"0",2,22.38,3,6,25.77,4,21,158.33,35,2,9,25,12,0.00108273012265221,"0"
356,"1",2,4.66,2,14,68.34,13,25,154.25,52,4,12,25,12,0.114902414957527,"0"
357,"0",1,10.2,1,12,49.9,5,20,193.3,33,3,9,25,12,0.00240892319777195,"0"
358,"0",1,7.11,5,12,15.84,12,14,73.9,35,3,7,25,12,0.0176336106687601,"0"
359,"0",2,10.56,6,22,66.07,25,11,66.07,25,6,6,25,12,0.0211024833890376,"0"
360,"0",2,9,1,4,9,1,16,162.56,27,1,7,25,12,0.00405133148540909,"0"
361,"0",1,11.43,6,22,66.07,25,11,66.07,25,6,6,25,12,0.00695987641925105,"0"
362,"0",1,4.14,1,22,66.07,25,11,66.07,25,6,6,25,12,0.00501044077490757,"0"
363,"0",3,8.52,4,20,18.6,9,22,88.06,42,3,9,25,12,0.109472869966917,"0"
364,"0",2,3.87,1,22,66.07,25,11,66.07,25,6,6,25,12,0.0133881211755429,"0"
365,"0",1,3.86,1,14,68.34,13,25,154.25,52,4,12,25,12,0.0397504921483523,"0"
366,"0",2,21.15,2,12,49.9,5,20,193.3,33,3,9,25,12,0.000807437691636852,"0"
367,"0",3,5.38,2,20,18.6,9,22,88.06,42,3,9,25,12,0.101652736137558,"0"
368,"0",4,13.69,3,16,32.58,8,28,171.01,53,3,12,25,12,0.133982688861589,"0"
369,"0",1,3.39,1,6,25.77,4,21,158.33,35,2,9,25,12,0.0127726952691624,"0"
370,"0",3,28.43,5,14,68.34,13,25,154.25,52,4,12,25,12,0.00555522455445309,"0"
371,"0",1,6.58,4,12,15.84,12,14,73.9,35,3,7,25,12,0.0135081662495395,"0"
372,"0",4,2.15,3,12,15.84,12,14,73.9,35,3,7,25,12,0.287725606879182,"1"
373,"0",2,4.43,2,22,66.07,25,11,66.07,25,6,6,25,12,0.0173643438592964,"0"
374,"0",3,18.56,2,12,49.9,5,20,193.3,33,3,9,25,12,0.00361846889854652,"0"
375,"0",2,2.4,2,40,165.18,34,35,334.04,76,9,15,25,12,0.229912081683979,"1"
376,"0",1,24.29,4,40,165.18,34,35,334.04,76,9,15,25,12,0.0020430248925507,"0"
377,"0",3,23.73,4,40,165.18,34,35,334.04,76,9,15,25,12,0.0147119981608165,"0"
378,"0",4,25.94,6,40,165.18,34,35,334.04,76,9,15,25,12,0.0481258809898424,"0"
379,"0",1,5.66,2,20,103.81,26,10,103.81,26,4,4,25,12,0.0019062678392352,"0"
380,"0",1,2.31,1,40,165.18,34,35,334.04,76,9,15,25,12,0.0752792146732396,"0"
381,"0",2,23.4,4,6,43.49,6,33,364.93,77,2,14,25,12,0.00355726855486203,"0"
382,"0",1,20.09,2,6,43.49,6,33,364.93,77,2,14,25,12,0.00134186124168182,"0"
383,"0",1,19.55,2,18,85.52,12,40,448.05,87,4,17,25,12,0.00344046852990961,"0"
384,"0",4,1.13,1,8,1.13,1,30,270.59,65,1,12,25,12,0.406817492251107,"1"
385,"0",4,25.07,4,40,165.18,34,35,334.04,76,9,15,25,12,0.0274406528780758,"0"
386,"0",4,4.42,3,8,4.42,3,39,400.55,82,1,16,25,12,0.66265291239665,"1"
387,"0",2,30.01,6,40,165.18,34,35,334.04,76,9,15,25,12,0.0031871952700063,"0"
388,"0",2,28.89,6,40,165.18,34,35,334.04,76,9,15,25,12,0.0040761785721761,"0"
389,"0",3,22.62,4,18,85.52,12,40,448.05,87,4,17,25,12,0.0239660473656483,"0"
390,"0",1,2.55,1,40,165.18,34,35,334.04,76,9,15,25,12,0.0716778367853395,"0"
391,"0",1,24.84,4,18,85.52,12,40,448.05,87,4,17,25,12,0.00232937214881145,"0"
392,"0",2,32.08,9,20,103.81,26,10,103.81,26,4,4,25,12,0.000215882506488624,"0"
393,"0",3,34.25,9,20,103.81,26,10,103.81,26,4,4,25,12,0.000339677632094866,"0"
394,"0",2,3.45,2,4,3.45,2,28,292.86,68,1,12,25,12,0.0774511726229811,"0"
395,"0",1,30.87,7,2,30.87,7,15,168.86,42,1,6,25,12,8.44061829843863e-05,"0"
396,"0",2,32.1,8,10,39.84,11,15,143.64,37,2,6,25,12,0.000273541850061295,"0"
397,"0",4,18.5,2,18,85.52,12,40,448.05,87,4,17,25,12,0.066490418534366,"0"
398,"0",4,31.82,6,20,103.81,26,10,103.81,26,4,4,25,12,0.000460690381484667,"0"
399,"0",3,7.74,3,10,39.84,11,15,143.64,37,2,6,25,12,0.0210533134012763,"0"
400,"0",3,12.03,3,42,69.52,18,33,162.87,40,6,10,25,12,0.0383688294087735,"0"
401,"0",2,25.63,7,26,102.44,23,13,102.44,23,5,5,25,12,0.000628562701753729,"0"
402,"0",3,12.02,3,42,69.52,18,33,162.87,40,6,10,25,12,0.038450253187182,"0"
403,"0",4,9.25,2,42,69.52,18,33,162.87,40,6,10,25,12,0.112616790645919,"0"
404,"0",3,8.3,2,22,56.78,18,40,208.43,56,4,13,25,12,0.14534025629483,"1"
405,"0",4,16.3,5,42,69.52,18,33,162.87,40,6,10,25,12,0.0790105460947101,"0"
406,"0",4,4.35,2,8,4.35,2,37,195,54,1,12,25,12,0.421580886614496,"1"
407,"0",1,1.08,1,2,1.08,1,19,108.5,36,1,8,25,12,0.017967489578182,"0"
408,"0",1,2.7,1,18,8.33,3,19,78.46,26,3,7,25,12,0.0097446877161504,"0"
409,"0",4,2.78,1,16,12.18,6,31,147.74,47,3,11,25,12,0.369708668378954,"1"
410,"0",2,31.34,8,26,102.44,23,13,102.44,23,5,5,25,12,0.000263102009900871,"0"
411,"0",4,25.15,5,26,102.44,23,13,102.44,23,5,5,25,12,0.00207200563545302,"0"
412,"0",1,15.7,4,22,56.78,18,40,208.43,56,4,13,25,12,0.0110800843448221,"0"
413,"0",1,9.09,1,26,102.44,23,13,102.44,23,5,5,25,12,0.000927446930795908,"0"
414,"0",3,3.4,2,16,12.18,6,31,147.74,47,3,11,25,12,0.228926780644907,"1"
415,"0",3,16.41,6,22,56.78,18,40,208.43,56,4,13,25,12,0.118225174437281,"0"
416,"0",4,5.53,2,14,13.8,5,31,165.06,48,2,10,25,12,0.221785633607329,"1"
417,"0",3,8.27,3,14,13.8,5,31,165.06,48,2,10,25,12,0.0829007216568767,"0"
418,"0",4,11.39,3,42,69.52,18,33,162.87,40,6,10,25,12,0.10446985127461,"0"
419,"0",4,16.37,6,22,56.78,18,40,208.43,56,4,13,25,12,0.25564066181259,"1"
420,"0",4,2.95,1,18,8.33,3,19,78.46,26,3,7,25,12,0.132271113746971,"0"
421,"0",4,11.22,2,26,102.44,23,13,102.44,23,5,5,25,12,0.0138047055818891,"0"
422,"0",1,6.01,3,16,12.18,6,31,147.74,47,3,11,25,12,0.0367639988519892,"0"
423,"0",4,2.69,1,18,8.33,3,19,78.46,26,3,7,25,12,0.138989653543397,"0"
424,"0",3,8.53,2,42,69.52,18,33,162.87,40,6,10,25,12,0.0553397436045829,"0"
425,"0",4,2.08,1,16,3.94,2,21,66.3,20,2,6,25,12,0.11477118249441,"0"
426,"0",4,8.5,3,44,27.73,14,30,67.9,27,6,8,25,12,0.134630776505646,"0"
427,"0",2,9.62,2,12,30.89,8,19,92.18,26,2,6,25,12,0.00490618058322267,"0"
428,"0",4,1.9,1,20,8.07,4,21,51.39,16,4,8,25,12,0.250300840468216,"1"
429,"1",4,1.13,1,44,27.73,14,30,67.9,27,6,8,25,12,0.266794307229337,"1"
430,"1",3,7.01,2,20,27.46,7,29,84.73,26,4,10,25,12,0.108501456606127,"0"
431,"0",2,7.95,3,44,27.73,14,30,67.9,27,6,8,25,12,0.0265214492979579,"0"
432,"1",4,1.39,2,44,27.73,14,30,67.9,27,6,8,25,12,0.336100160395309,"1"
433,"0",3,15.41,4,20,48.71,15,10,48.71,15,3,3,25,12,0.0027115653895715,"0"
434,"0",1,2.11,1,20,8.07,4,21,51.39,16,4,8,25,12,0.0191027921687696,"0"
435,"0",3,2.12,1,20,8.07,4,21,51.39,16,4,8,25,12,0.111324271415967,"0"
436,"0",4,7.17,3,44,27.73,14,30,67.9,27,6,8,25,12,0.172585417075142,"1"
437,"0",2,1.94,1,20,8.07,4,21,51.39,16,4,8,25,12,0.0488285423648751,"0"
438,"0",2,6.35,2,18,12.86,5,35,79.63,31,3,10,25,12,0.0538314424498218,"0"
439,"0",3,12.58,3,6,12.58,3,13,61.29,18,1,4,25,12,0.00487077260075515,"0"
440,"0",4,21.27,6,12,30.89,8,19,92.18,26,2,6,25,12,0.0113522391647776,"0"
441,"0",4,18.89,7,20,48.71,15,10,48.71,15,3,3,25,12,0.0101478828859321,"0"
442,"1",4,1.86,1,16,3.94,2,21,66.3,20,2,6,25,12,0.119791572800372,"0"
443,"1",3,5.4,1,20,27.46,7,29,84.73,26,4,10,25,12,0.105387118464851,"0"
444,"0",3,14.41,4,20,48.71,15,10,48.71,15,3,3,25,12,0.00337810074768014,"0"
445,"1",4,0.49,1,18,12.86,5,35,79.63,31,3,10,25,12,0.475349404809936,"1"
446,"1",4,1.59,2,44,27.73,14,30,67.9,27,6,8,25,12,0.326333942399424,"1"
447,"0",1,6.98,2,20,27.46,7,29,84.73,26,4,10,25,12,0.0186500711618795,"0"
448,"0",3,8.07,2,20,27.46,7,29,84.73,26,4,10,25,12,0.0878780465580487,"0"
449,"1",3,6.02,2,18,12.86,5,35,79.63,31,3,10,25,12,0.134465895307166,"0"
450,"0",1,18.52,3,18,98.38,16,28,276.23,51,5,13,25,12,0.00288776358247445,"0"
451,"0",4,6.67,1,14,14.73,2,8,24.64,4,2,3,25,12,0.0164705752773954,"0"
452,"0",3,1.65,1,10,12.84,4,13,68.1,15,3,6,25,12,0.0526995036929894,"0"
453,"0",1,9.9,2,10,12.84,4,13,68.1,15,3,6,25,12,0.00205836863919657,"0"
454,"0",1,25.76,6,14,72.47,17,7,72.47,17,3,3,25,12,8.28712234024551e-05,"0"
455,"1",3,10.95,2,18,52.44,10,33,313.62,58,3,14,25,12,0.0777199308141247,"0"
456,"0",1,23.74,4,18,98.38,16,28,276.23,51,5,13,25,12,0.00134822521613021,"0"
457,"0",3,21.31,5,14,72.47,17,7,72.47,17,3,3,25,12,0.00096626828057549,"0"
458,"0",4,23.79,4,18,98.38,16,28,276.23,51,5,13,25,12,0.0213878801650035,"0"
459,"0",3,21.42,4,18,52.44,10,33,313.62,58,3,14,25,12,0.0178660916388286,"0"
460,"0",3,25.4,6,14,72.47,17,7,72.47,17,3,3,25,12,0.000578078299095815,"0"
461,"0",1,28.08,5,28,109.02,19,21,181.5,36,6,9,25,12,0.000234475700451442,"0"
462,"0",2,6.29,1,4,6.29,1,25,245.82,46,1,11,25,12,0.0248920665049379,"0"
463,"0",2,9.38,2,28,109.02,19,21,181.5,36,6,9,25,12,0.0113597631085513,"0"
464,"0",1,1.29,1,10,12.84,4,13,68.1,15,3,6,25,12,0.00925586656347039,"0"
465,"0",1,18.15,3,28,109.02,19,21,181.5,36,6,9,25,12,0.000963586223614701,"0"
466,"0",2,5.67,1,18,98.38,16,28,276.23,51,5,13,25,12,0.0544320165624648,"0"
467,"0",4,18.93,3,28,109.02,19,21,181.5,36,6,9,25,12,0.0131186961541503,"0"
468,"0",1,26.66,4,18,98.38,16,28,276.23,51,5,13,25,12,0.000708714437091121,"0"
469,"0",3,8.06,1,14,14.73,2,8,24.64,4,2,3,25,12,0.00483136875979043,"0"
470,"0",3,20.06,4,18,52.44,10,33,313.62,58,3,14,25,12,0.0239626904506184,"0"
471,"0",4,30.84,5,28,109.02,19,21,181.5,36,6,9,25,12,0.0020846779667788,"0"
472,"0",1,4.41,1,6,18.18,4,31,294.72,56,2,14,25,12,0.039648531194505,"0"
473,"0",2,13.77,3,6,18.18,4,31,294.72,56,2,14,25,12,0.02809002373706,"0"
474,"0",2,3.65,1,28,109.02,19,21,181.5,36,6,9,25,12,0.0268418535427864,"0"
475,"0",2,22.93,5,16,43.42,9,33,258.51,56,3,13,25,12,0.00656183314935443,"0"
476,"0",2,0.59,1,26,2.18,4,16,12.42,8,4,5,25,12,0.0236565987571774,"0"
477,"0",2,24,5,24,105.48,22,25,215.09,47,4,10,25,12,0.0018668372381012,"0"
478,"0",2,0.83,1,8,1.57,2,7,11.81,6,2,3,25,12,0.00994565276507679,"0"
479,"0",2,0.74,1,8,1.57,2,7,11.81,6,2,3,25,12,0.0101429340938087,"0"
480,"0",4,0.54,1,26,2.18,4,16,12.42,8,4,5,25,12,0.136390706259208,"0"
481,"0",2,6.29,1,4,6.29,1,15,107.65,24,1,6,25,12,0.00640540941417776,"0"
482,"0",2,9.93,2,16,26,8,24,178.58,41,4,10,25,12,0.0154073302127368,"0"
483,"0",3,27.82,6,24,105.48,22,25,215.09,47,4,10,25,12,0.00300501781918492,"0"
484,"0",3,0.52,1,26,2.18,4,16,12.42,8,4,5,25,12,0.0588027540171657,"0"
485,"0",2,24.17,6,28,113.89,26,14,113.89,26,7,7,25,12,0.00127372948298462,"0"
486,"0",1,11.76,3,28,113.89,26,14,113.89,26,7,7,25,12,0.00241634017865145,"0"
487,"0",2,2.98,1,16,26,8,24,178.58,41,4,10,25,12,0.0468527598983216,"0"
488,"0",4,15.1,3,28,113.89,26,14,113.89,26,7,7,25,12,0.0186318273637412,"0"
489,"1",4,9.77,2,16,43.42,9,33,258.51,56,3,13,25,12,0.19500965604498,"1"
490,"0",1,4.28,1,28,113.89,26,14,113.89,26,7,7,25,12,0.00577078388952129,"0"
491,"0",3,21.01,5,28,113.89,26,14,113.89,26,7,7,25,12,0.0043916072232438,"0"
492,"0",2,10.72,2,16,43.42,9,33,258.51,56,3,13,25,12,0.0295760785648642,"0"
493,"0",2,13.07,3,28,113.89,26,14,113.89,26,7,7,25,12,0.00458621642164663,"0"
494,"0",4,23.22,5,24,105.48,22,25,215.09,47,4,10,25,12,0.014117352284398,"0"
495,"0",3,30.44,6,24,105.48,22,25,215.09,47,4,10,25,12,0.00168878243880746,"0"
496,"0",4,0.54,1,26,2.18,4,16,12.42,8,4,5,25,12,0.136390706259208,"0"
497,"0",1,24.49,5,28,113.89,26,14,113.89,26,7,7,25,12,0.000317600496389794,"0"
498,"0",3,10.24,4,16,26,8,24,178.58,41,4,10,25,12,0.0745465477954474,"0"
499,"0",1,2.85,1,16,26,8,24,178.58,41,4,10,25,12,0.0195339030878234,"0"
500,"0",1,3.99,2,36,26.94,18,35,211.74,57,7,15,25,12,0.13340794180706,"0"
501,"1",2,2.2,1,14,8.43,5,33,161.8,50,3,14,25,12,0.250776622899375,"1"
502,"0",4,2.48,1,14,8.43,5,33,161.8,50,3,14,25,12,0.669815415162634,"1"
503,"0",1,19.13,4,12,65.53,13,16,202.4,40,3,8,25,12,0.000679381220466705,"0"
504,"0",3,27.16,5,14,81.81,17,12,128.06,27,3,6,25,12,0.00069798794067025,"0"
505,"0",3,5.74,2,14,50.32,11,7,50.32,11,4,4,25,12,0.0156172784073434,"0"
506,"0",3,0.14,1,8,0.28,2,14,20.35,17,2,6,25,12,0.089964256731649,"0"
507,"0",2,28.32,5,14,81.81,17,12,128.06,27,3,6,25,12,0.000212976463637745,"0"
508,"0",1,1.21,1,2,1.21,1,17,85.29,32,1,8,25,12,0.0196070243529709,"0"
509,"0",2,4.83,4,36,26.94,18,35,211.74,57,7,15,25,12,0.413510008908244,"1"
510,"0",2,26.33,7,14,81.81,17,12,128.06,27,3,6,25,12,0.00071656940885419,"0"
511,"0",1,3.75,3,14,8.43,5,33,161.8,50,3,14,25,12,0.16898073837752,"1"
512,"1",4,5.58,4,36,26.94,18,35,211.74,57,7,15,25,12,0.793923009515722,"1"
513,"0",2,24.61,5,4,24.61,5,11,146.92,30,1,6,25,12,0.000438449574351479,"0"
514,"0",1,10.05,3,14,50.32,11,7,50.32,11,4,4,25,12,0.00140010002001291,"0"
515,"1",1,1.48,1,36,26.94,18,35,211.74,57,7,15,25,12,0.153766949851292,"1"
516,"1",3,5.92,4,36,26.94,18,35,211.74,57,7,15,25,12,0.584677543433698,"1"
517,"0",1,30.46,5,14,50.32,11,7,50.32,11,4,4,25,12,3.38265705540292e-05,"0"
518,"1",3,1.41,1,36,26.94,18,35,211.74,57,7,15,25,12,0.543298253575281,"1"
519,"0",2,24.83,5,12,65.53,13,16,202.4,40,3,8,25,12,0.000723325787110855,"0"
520,"1",4,3.75,2,36,26.94,18,35,211.74,57,7,15,25,12,0.726528781099481,"1"
521,"0",2,4.07,1,14,50.32,11,7,50.32,11,4,4,25,12,0.00609122455948786,"0"
522,"0",2,12.86,4,4,12.86,4,18,215.25,44,1,9,25,12,0.00966594761248683,"0"
523,"0",1,0.14,1,8,0.28,2,14,20.35,17,2,6,25,12,0.0151032917936914,"0"
524,"0",3,21.57,4,12,65.53,13,16,202.4,40,3,8,25,12,0.00255279896759452,"0"
525,"0",1,4.56,1,40,55.99,15,34,112.29,39,7,13,25,12,0.0623348136396745,"0"
526,"0",4,6.93,1,32,32.36,7,27,74.78,19,5,9,25,12,0.129076162440991,"0"
527,"0",2,8.8,4,10,13.78,7,20,72.49,33,2,8,25,12,0.0314917287150244,"0"
528,"0",2,11.12,3,40,55.99,15,34,112.29,39,7,13,25,12,0.0794239962007429,"0"
529,"0",1,6.74,3,2,6.74,3,15,62.99,30,1,7,25,12,0.00939280232828395,"0"
530,"0",3,11.66,5,26,37.33,18,18,59.69,27,5,7,25,12,0.0436196416244863,"0"
531,"0",3,11.07,3,40,55.99,15,34,112.29,39,7,13,25,12,0.181324446243625,"1"
532,"0",2,9.75,1,12,23.06,5,6,23.06,5,2,2,25,12,0.000875851578070023,"0"
533,"0",1,9.04,5,2,9.04,5,5,22.35,9,1,2,25,12,0.00190586459229638,"0"
534,"0",3,6.27,2,32,32.36,7,27,74.78,19,5,9,25,12,0.0904722479869328,"0"
535,"0",4,6.52,2,32,32.36,7,27,74.78,19,5,9,25,12,0.192908653126611,"1"
536,"0",3,10.31,5,26,37.33,18,18,59.69,27,5,7,25,12,0.0578651887111901,"0"
537,"0",2,2.93,2,26,37.33,18,18,59.69,27,5,7,25,12,0.0370591377986866,"0"
538,"0",3,7.33,2,6,7.33,2,18,70.33,32,1,8,25,12,0.0504825758960938,"0"
539,"0",3,4.98,3,10,13.78,7,20,72.49,33,2,8,25,12,0.115101535852478,"0"
540,"1",4,4.48,1,40,55.99,15,34,112.29,39,7,13,25,12,0.52550099215803,"1"
541,"0",3,0.97,1,26,37.33,18,18,59.69,27,5,7,25,12,0.0926960567841325,"0"
542,"0",3,6.02,1,32,32.36,7,27,74.78,19,5,9,25,12,0.0665885697428542,"0"
543,"0",3,9.6,3,40,55.99,15,34,112.29,39,7,13,25,12,0.234454084810592,"1"
544,"0",2,11.47,5,26,37.33,18,18,59.69,27,5,7,25,12,0.0183872787198267,"0"
545,"0",4,13.31,4,12,23.06,5,6,23.06,5,2,2,25,12,0.00817817560984748,"0"
546,"0",3,10.63,3,40,55.99,15,34,112.29,39,7,13,25,12,0.196171096533972,"1"
547,"0",4,4.53,1,40,55.99,15,34,112.29,39,7,13,25,12,0.522751713942934,"1"
548,"0",4,0.16,1,8,0.16,1,22,55.38,17,1,7,25,12,0.240679472716055,"1"
549,"0",2,6.61,1,32,32.36,7,27,74.78,19,5,9,25,12,0.0240762505732832,"0"
550,"0",1,26.49,6,14,105.03,24,7,105.03,24,4,4,25,12,9.06144957762539e-05,"0"
551,"0",2,2.37,1,20,43.58,13,38,245.34,64,5,16,25,12,0.32633881646758,"1"
552,"0",1,0.24,1,4,0.45,2,14,57.64,21,2,7,25,12,0.0184624824032761,"0"
553,"0",1,18.32,6,12,38.6,12,18,203.03,47,3,9,25,12,0.00265708327919043,"0"
554,"0",4,13.95,4,28,30.2,11,32,233.23,58,4,13,25,12,0.192157627077081,"1"
555,"0",1,0.21,1,4,0.45,2,14,57.64,21,2,7,25,12,0.0185827155263224,"0"
556,"0",1,7.04,1,12,66.44,12,13,171.47,36,3,7,25,12,0.00235349333860336,"0"
557,"0",2,26.25,5,12,66.44,12,13,171.47,36,3,7,25,12,0.000408543064120193,"0"
558,"0",3,3.43,2,28,30.2,11,32,233.23,58,4,13,25,12,0.304974877337066,"1"
559,"0",2,26.59,5,14,105.03,24,7,105.03,24,4,4,25,12,0.000152740125679127,"0"
560,"0",2,4.88,2,12,38.6,12,18,203.03,47,3,9,25,12,0.0270317736607337,"0"
561,"0",1,28.85,7,14,105.03,24,7,105.03,24,4,4,25,12,7.93520157196751e-05,"0"
562,"0",3,8.86,3,28,30.2,11,32,233.23,58,4,13,25,12,0.163385567038404,"1"
563,"1",4,3.96,2,28,30.2,11,32,233.23,58,4,13,25,12,0.497804009489478,"1"
564,"0",4,6.96,1,22,28.61,6,34,188.36,48,3,13,25,12,0.303593046745089,"1"
565,"0",2,4.43,2,4,4.43,2,19,82.43,25,1,7,25,12,0.0240463272641498,"0"
566,"0",1,12.4,4,20,43.58,13,38,245.34,64,5,16,25,12,0.0626726281143758,"0"
567,"0",3,23.09,6,14,105.03,24,7,105.03,24,4,4,25,12,0.00123468698341453,"0"
568,"0",3,15.4,4,12,38.6,12,18,203.03,47,3,9,25,12,0.0148371789218774,"0"
569,"0",2,8.46,2,20,43.58,13,38,245.34,64,5,16,25,12,0.157118770396388,"1"
570,"0",3,33.15,6,12,66.44,12,13,171.47,36,3,7,25,12,0.000333901470724716,"0"
571,"0",4,10.37,3,22,28.61,6,34,188.36,48,3,13,25,12,0.308548969403337,"1"
572,"0",1,8.66,2,20,43.58,13,38,245.34,64,5,16,25,12,0.0656390779598067,"0"
573,"0",3,11.28,2,22,28.61,6,34,188.36,48,3,13,25,12,0.0889237000803959,"0"
574,"1",4,11.68,4,20,43.58,13,38,245.34,64,5,16,25,12,0.561917925620519,"1"
575,"0",4,27.97,5,18,73.42,15,13,87.27,19,3,4,25,12,0.000794288492968858,"0"
576,"0",3,33.01,7,18,73.42,15,13,87.27,19,3,4,25,12,0.00022368350846443,"0"
577,"0",3,5.38,3,32,23.15,13,35,179.63,46,7,14,25,12,0.455358844229369,"1"
578,"0",4,12.99,1,20,57.38,10,23,169.47,34,4,8,25,12,0.0156666923564772,"0"
579,"0",4,13.85,4,10,14.87,5,5,14.87,5,2,2,25,12,0.00757269578959782,"0"
580,"0",3,6.3,3,32,23.15,13,35,179.63,46,7,14,25,12,0.405678126613974,"1"
581,"0",2,5.94,2,18,48.66,12,22,135.93,31,4,8,25,12,0.0199925243109423,"0"
582,"0",2,13.72,2,20,57.38,10,23,169.47,34,4,8,25,12,0.00308729352991498,"0"
583,"0",4,18.05,5,16,19.93,6,27,152.02,36,2,9,25,12,0.03909117033518,"0"
584,"0",3,4.78,1,6,4.78,1,24,125.91,33,1,8,25,12,0.0455880975421166,"0"
585,"0",3,5.15,1,10,9.98,2,7,43.04,9,2,3,25,12,0.00833000121195746,"0"
586,"0",2,4.83,1,10,9.98,2,7,43.04,9,2,3,25,12,0.00353762021434655,"0"
587,"0",2,12.44,3,18,73.42,15,13,87.27,19,3,4,25,12,0.00173982735005772,"0"
588,"0",2,33.06,7,18,48.66,12,22,135.93,31,4,8,25,12,0.000358491354004248,"0"
589,"0",2,5.81,2,18,48.66,12,22,135.93,31,4,8,25,12,0.0205618336393129,"0"
590,"1",4,1.26,1,32,23.15,13,35,179.63,46,7,14,25,12,0.70804841586496,"1"
591,"0",4,1.88,1,16,19.93,6,27,152.02,36,2,9,25,12,0.23372662281438,"1"
592,"1",1,1.1,1,32,23.15,13,35,179.63,46,7,14,25,12,0.133064402116224,"0"
593,"0",3,18.63,4,20,57.38,10,23,169.47,34,4,8,25,12,0.00574912463640262,"0"
594,"0",1,1.2,1,32,23.15,13,35,179.63,46,7,14,25,12,0.130541767192144,"0"
595,"0",1,12.04,3,20,57.38,10,23,169.47,34,4,8,25,12,0.0025958718069758,"0"
596,"0",1,1.02,1,10,14.87,5,5,14.87,5,2,2,25,12,0.00246003631488303,"0"
597,"0",1,1.22,1,32,23.15,13,35,179.63,46,7,14,25,12,0.130042143801184,"0"
598,"0",3,3.84,1,18,48.66,12,22,135.93,31,4,8,25,12,0.0528994437062329,"0"
599,"0",3,6.69,3,32,23.15,13,35,179.63,46,7,14,25,12,0.385127879892703,"1"
600,"0",2,0.79,1,10,28.43,8,19,136.77,39,3,9,25,12,0.0610345652025771,"0"
601,"0",2,3.84,1,4,3.84,1,13,46.59,12,1,5,25,12,0.00985506068144465,"0"
602,"0",1,0.83,2,22,64.79,24,11,64.79,24,6,6,25,12,0.0152551510552541,"0"
603,"1",3,8.86,2,22,43.81,10,26,177.65,46,5,12,25,12,0.103923446717205,"0"
604,"0",3,5.91,2,14,13.12,4,25,136.33,37,2,10,25,12,0.106671083383167,"0"
605,"0",4,27.32,8,22,64.79,24,11,64.79,24,6,6,25,12,0.00748939303306963,"0"
606,"0",2,23.77,5,10,33.89,8,15,105.77,30,2,6,25,12,0.000649894728156202,"0"
607,"0",3,12.09,4,12,23.51,9,20,119.25,36,4,9,25,12,0.0455958388547545,"0"
608,"0",2,12.24,3,22,43.81,10,26,177.65,46,5,12,25,12,0.0309559614124143,"0"
609,"0",4,7.21,2,14,13.12,4,25,136.33,37,2,10,25,12,0.185424192566594,"1"
610,"0",1,12.9,3,10,28.43,8,19,136.77,39,3,9,25,12,0.00383498073559886,"0"
611,"0",2,17.38,4,4,17.38,4,16,143.24,39,1,8,25,12,0.00341490352894532,"0"
612,"0",1,10.02,3,22,64.79,24,11,64.79,24,6,6,25,12,0.00300067688119826,"0"
613,"0",1,0.99,1,12,23.51,9,20,119.25,36,4,9,25,12,0.0260740428566039,"0"
614,"0",1,25.64,8,22,64.79,24,11,64.79,24,6,6,25,12,0.000667227124837207,"0"
615,"0",2,0.07,1,22,64.79,24,11,64.79,24,6,6,25,12,0.0305997065314348,"0"
616,"0",2,0.9,2,22,64.79,24,11,64.79,24,6,6,25,12,0.0372866277681269,"0"
617,"0",1,8.97,2,22,43.81,10,26,177.65,46,5,12,25,12,0.0172562484401922,"0"
618,"0",3,10.12,3,10,33.89,8,15,105.77,30,2,6,25,12,0.015185123414775,"0"
619,"0",1,1.03,1,12,23.51,9,20,119.25,36,4,9,25,12,0.0258510441072869,"0"
620,"0",4,8.89,3,8,8.89,3,13,73.61,26,1,6,25,12,0.0569912697382603,"0"
621,"1",3,8.06,2,22,43.81,10,26,177.65,46,5,12,25,12,0.121531515092025,"0"
622,"0",2,5.67,1,22,43.81,10,26,177.65,46,5,12,25,12,0.0589427449361809,"0"
623,"0",2,14.74,4,10,28.43,8,19,136.77,39,3,9,25,12,0.00950801507463076,"0"
624,"0",1,9.4,3,12,23.51,9,20,119.25,36,4,9,25,12,0.00901918444766498,"0"
625,"0",2,5.33,2,14,44.6,16,7,44.6,16,4,4,25,12,0.00699159197702575,"0"
626,"0",1,0.17,1,20,3.82,9,21,58.4,28,5,9,25,12,0.0418398606235806,"0"
627,"0",1,1.12,2,20,3.82,9,21,58.4,28,5,9,25,12,0.0495923725851176,"0"
628,"0",3,18.69,6,14,44.6,16,7,44.6,16,4,4,25,12,0.00441040348243534,"0"
629,"0",4,1.25,2,20,3.82,9,21,58.4,28,5,9,25,12,0.453538350762698,"1"
630,"0",4,7.51,3,14,15.85,6,16,86.92,26,2,6,25,12,0.0711327547680355,"0"
631,"1",4,7.29,2,16,30.17,7,24,115.84,31,3,9,25,12,0.140745836676456,"1"
632,"0",1,11.13,3,24,46.94,11,18,91.01,26,4,7,25,12,0.00311559933076205,"0"
633,"1",3,0.92,2,20,5.03,9,26,44.4,29,5,11,25,12,0.464109881666787,"1"
634,"0",4,16.92,4,24,46.94,11,18,91.01,26,4,7,25,12,0.0205973498456844,"0"
635,"0",1,1.03,2,20,5.03,9,26,44.4,29,5,11,25,12,0.115923757986873,"0"
636,"0",1,0.18,1,20,3.82,9,21,58.4,28,5,9,25,12,0.0417515705536583,"0"
637,"0",2,0.06,1,8,0.11,2,14,5.31,13,2,7,25,12,0.0608447972050404,"0"
638,"0",3,0.94,1,20,5.03,9,26,44.4,29,5,11,25,12,0.369174061196512,"1"
639,"0",2,1.16,2,20,5.03,9,26,44.4,29,5,11,25,12,0.244439213513945,"1"
640,"0",1,15.43,3,16,30.17,7,24,115.84,31,3,9,25,12,0.00244464936079911,"0"
641,"0",3,8.84,2,24,46.94,11,18,91.01,26,4,7,25,12,0.0221534182997044,"0"
642,"0",1,0.98,2,20,5.03,9,26,44.4,29,5,11,25,12,0.117058226463787,"0"
643,"0",3,7.45,2,16,30.17,7,24,115.84,31,3,9,25,12,0.0586262133102618,"0"
644,"0",4,10.06,2,24,46.94,11,18,91.01,26,4,7,25,12,0.0421062319692314,"0"
645,"0",1,0.53,1,14,44.6,16,7,44.6,16,4,4,25,12,0.00539344646239783,"0"
646,"1",3,1.1,3,20,3.82,9,21,58.4,28,5,9,25,12,0.33235622940651,"1"
647,"0",3,8.33,3,14,15.85,6,16,86.92,26,2,6,25,12,0.0245552406293704,"0"
648,"0",2,0.05,1,8,0.11,2,14,5.31,13,2,7,25,12,0.0609708938251879,"0"
649,"0",1,20.04,7,14,44.6,16,7,44.6,16,4,4,25,12,0.000751271048705632,"0"
650,"0",4,22.14,5,20,54.68,15,24,158.02,52,4,10,25,12,0.0236895699173304,"0"
651,"0",3,19.18,7,24,46.97,16,21,105.25,33,4,7,25,12,0.0147545790787533,"0"
652,"0",3,8.59,1,38,73.68,8,27,130.77,22,8,10,25,12,0.0441339843724244,"0"
653,"0",2,13.07,4,20,54.68,15,24,158.02,52,4,10,25,12,0.0185182581702301,"0"
654,"0",4,1.7,1,20,6.4,4,25,122.93,38,4,10,25,12,0.357799707419223,"1"
655,"0",3,9.54,1,38,73.68,8,27,130.77,22,8,10,25,12,0.0360956067500774,"0"
656,"0",3,5.47,1,24,46.97,16,21,105.25,33,4,7,25,12,0.0291942997965861,"0"
657,"0",4,6.32,2,24,46.97,16,21,105.25,33,4,7,25,12,0.0853157813092377,"0"
658,"0",1,8.3,1,38,73.68,8,27,130.77,22,8,10,25,12,0.007577181170551,"0"
659,"0",4,10.02,1,38,73.68,8,27,130.77,22,8,10,25,12,0.0787927844813967,"0"
660,"0",2,6.34,4,4,6.34,4,17,97.06,34,1,6,25,12,0.021064164295426,"0"
661,"0",3,4.88,2,20,54.68,15,24,158.02,52,4,10,25,12,0.118356763265208,"0"
662,"0",3,9.06,2,18,58.28,17,9,58.28,17,3,3,25,12,0.00481487515887511,"0"
663,"0",3,9.88,1,38,73.68,8,27,130.77,22,8,10,25,12,0.0335764901801911,"0"
664,"0",3,9.69,1,38,73.68,8,27,130.77,22,8,10,25,12,0.034962551764191,"0"
665,"0",2,1.7,1,20,6.4,4,25,122.93,38,4,10,25,12,0.0795498113799315,"0"
666,"0",4,34.95,9,18,58.28,17,9,58.28,17,3,3,25,12,0.000614407612039408,"0"
667,"0",2,14.27,6,18,58.28,17,9,58.28,17,3,3,25,12,0.00283919335993297,"0"
668,"0",2,16,6,24,46.97,16,21,105.25,33,4,7,25,12,0.00800534739320471,"0"
669,"0",1,12.61,5,2,12.61,5,14,103.34,37,1,6,25,12,0.0030267991226153,"0"
670,"0",1,8.63,1,38,73.68,8,27,130.77,22,8,10,25,12,0.00704925930196766,"0"
671,"0",1,14.6,4,20,54.68,15,24,158.02,52,4,10,25,12,0.0052755627421143,"0"
672,"0",3,1.32,1,20,6.4,4,25,122.93,38,4,10,25,12,0.192642586864522,"1"
673,"0",1,1.67,1,20,6.4,4,25,122.93,38,4,10,25,12,0.0331294460296273,"0"
674,"0",1,9.04,1,38,73.68,8,27,130.77,22,8,10,25,12,0.00644397085242969,"0"
675,"0",1,12.14,2,14,36.49,4,28,178.63,39,3,10,25,12,0.00377105456396446,"0"
676,"0",3,13.12,5,10,40.69,14,5,40.69,14,2,2,25,12,0.00454221613154002,"0"
677,"0",2,23.63,6,10,30.87,8,14,80.13,25,2,5,25,12,0.000742320640427111,"0"
678,"0",3,7.24,2,10,30.87,8,14,80.13,25,2,5,25,12,0.0146275355877306,"0"
679,"0",2,17.9,5,34,65.45,19,30,143.55,44,6,11,25,12,0.015384404247283,"0"
680,"0",4,17.48,3,14,34.5,6,21,142.14,35,2,7,25,12,0.00964174713065417,"0"
681,"0",2,27.57,9,10,40.69,14,5,40.69,14,2,2,25,12,0.0003500881040278,"0"
682,"0",3,17.02,3,14,34.5,6,21,142.14,35,2,7,25,12,0.00422572011538622,"0"
683,"0",3,11.79,1,14,36.49,4,28,178.63,39,3,10,25,12,0.0175765817412558,"0"
684,"0",4,18.51,4,34,65.45,19,30,143.55,44,6,11,25,12,0.0563928556315297,"0"
685,"0",4,20.03,5,34,65.45,19,30,143.55,44,6,11,25,12,0.059249761960405,"0"
686,"0",1,4.21,1,14,17.99,6,21,98.13,31,3,8,25,12,0.00957933733516077,"0"
687,"0",2,3.26,2,34,65.45,19,30,143.55,44,6,11,25,12,0.109676086809908,"0"
688,"0",3,0.39,1,10,0.88,2,24,121.08,38,2,10,25,12,0.228195629251609,"1"
689,"0",2,0.59,1,22,2.38,4,27,114.53,31,4,10,25,12,0.103289932976987,"0"
690,"0",4,7.55,2,14,17.99,6,21,98.13,31,3,8,25,12,0.100473814765537,"0"
691,"0",2,6.24,3,14,17.99,6,21,98.13,31,3,8,25,12,0.0329524733038993,"0"
692,"0",4,0.53,1,22,2.38,4,27,114.53,31,4,10,25,12,0.429372281778079,"1"
693,"0",2,0.49,1,10,0.88,2,24,121.08,38,2,10,25,12,0.102261115976928,"0"
694,"0",3,12.55,1,14,36.49,4,28,178.63,39,3,10,25,12,0.0149055836535916,"0"
695,"0",4,2.68,1,34,65.45,19,30,143.55,44,6,11,25,12,0.379850779968191,"1"
696,"0",2,0.64,1,22,2.38,4,27,114.53,31,4,10,25,12,0.102273443607064,"0"
697,"0",4,8.57,3,8,8.57,3,9,49.26,17,1,3,25,12,0.0206707013932077,"0"
698,"0",1,3.06,2,34,65.45,19,30,143.55,44,6,11,25,12,0.0482576921859681,"0"
699,"0",3,0.62,1,22,2.38,4,27,114.53,31,4,10,25,12,0.225127770319004,"1"
700,"0",3,13.75,5,14,46.17,16,26,225.56,62,4,12,25,12,0.0900824623993572,"0"
701,"0",2,4.23,1,14,24.61,7,30,219.83,53,4,13,25,12,0.0952220105856983,"0"
702,"0",1,7.38,2,2,7.38,2,22,185.76,53,1,10,25,12,0.0103190175163116,"0"
703,"0",2,1.17,1,20,6.05,5,22,109.02,36,5,10,25,12,0.0943940361799308,"0"
704,"0",1,2.82,1,14,46.17,16,26,225.56,62,4,12,25,12,0.0350001687421339,"0"
705,"0",1,15.4,5,14,46.17,16,26,225.56,62,4,12,25,12,0.0105613810571438,"0"
706,"0",1,26.57,6,24,121.57,31,17,164.91,42,5,7,25,12,0.000228435392135787,"0"
707,"0",4,28.9,8,24,121.57,31,17,164.91,42,5,7,25,12,0.00483381917436462,"0"
708,"0",2,4.38,1,14,24.61,7,30,219.83,53,4,13,25,12,0.0924108924593176,"0"
709,"0",3,1.13,1,20,6.05,5,22,109.02,36,5,10,25,12,0.210729822060092,"1"
710,"0",2,1.22,1,20,6.05,5,22,109.02,36,5,10,25,12,0.0934559683716641,"0"
711,"0",2,13.39,2,16,42.79,7,25,207.69,49,3,10,25,12,0.00625733027193341,"0"
712,"0",3,15.47,4,24,121.57,31,17,164.91,42,5,7,25,12,0.00777911751830216,"0"
713,"0",2,1.18,1,20,6.05,5,22,109.02,36,5,10,25,12,0.0942057503525147,"0"
714,"0",2,14.99,3,16,42.79,7,25,207.69,49,3,10,25,12,0.00647758004981546,"0"
715,"0",2,14.2,5,14,46.17,16,26,225.56,62,4,12,25,12,0.0341050360649398,"0"
716,"0",2,19.9,5,24,121.57,31,17,164.91,42,5,7,25,12,0.0017103338172589,"0"
717,"0",2,12.47,3,10,43.34,11,5,43.34,11,2,2,25,12,0.000941785962313167,"0"
718,"0",2,11.96,4,14,24.61,7,30,219.83,53,4,13,25,12,0.0577052597856284,"0"
719,"0",4,14.4,2,16,42.79,7,25,207.69,49,3,10,25,12,0.0314673186209767,"0"
720,"0",1,4.03,1,14,24.61,7,30,219.83,53,4,13,25,12,0.0415203936339388,"0"
721,"0",3,6,2,6,6,2,23,198.28,56,1,10,25,12,0.0787772695810415,"0"
722,"0",1,1.34,1,20,6.05,5,22,109.02,36,5,10,25,12,0.0380383308940264,"0"
723,"0",2,30.73,8,24,121.57,31,17,164.91,42,5,7,25,12,0.000503078985418108,"0"
724,"0",3,30.87,8,10,43.34,11,5,43.34,11,2,2,25,12,0.000287591349628307,"0"
725,"0",3,33.43,9,32,175.2,39,16,175.2,39,6,6,25,12,0.000650155208510725,"0"
726,"0",2,39.24,8,32,175.2,39,16,175.2,39,6,6,25,12,4.83101675903919e-05,"0"
727,"0",4,30.48,7,14,61.84,15,21,233.32,53,2,7,25,12,0.00164245997084224,"0"
728,"0",2,38.77,8,32,175.2,39,16,175.2,39,6,6,25,12,5.35840337370954e-05,"0"
729,"0",4,23.88,7,24,96.54,24,33,329.86,77,4,11,25,12,0.0222478939261203,"0"
730,"0",2,1.36,1,10,2.53,2,26,145.36,41,2,8,25,12,0.0349635649066572,"0"
731,"0",3,31.09,8,32,175.2,39,16,175.2,39,6,6,25,12,0.000739108397222618,"0"
732,"0",3,31.36,8,14,61.84,15,21,233.32,53,2,7,25,12,0.000785700207246109,"0"
733,"0",4,20.53,4,24,96.54,24,33,329.86,77,4,11,25,12,0.0146708201980053,"0"
734,"0",4,11.98,1,18,54.22,7,50,427.21,93,4,17,25,12,0.18445906951892,"1"
735,"0",1,23.87,6,24,96.54,24,33,329.86,77,4,11,25,12,0.000944718875987591,"0"
736,"0",1,13.37,1,18,54.22,7,50,427.21,93,4,17,25,12,0.010068869496184,"0"
737,"0",1,14.1,3,18,54.22,7,50,427.21,93,4,17,25,12,0.0184506936881167,"0"
738,"0",3,1.73,1,14,3.55,2,37,322.65,79,2,13,25,12,0.215892061807197,"1"
739,"0",3,28.26,7,24,96.54,24,33,329.86,77,4,11,25,12,0.00340064779694966,"0"
740,"0",3,0.03,1,18,1.32,4,38,306.33,78,3,13,25,12,0.303166402970014,"1"
741,"0",2,0.02,1,18,1.32,4,38,306.33,78,3,13,25,12,0.146560474179113,"1"
742,"0",2,3.71,1,32,175.2,39,16,175.2,39,6,6,25,12,0.00801949305575687,"0"
743,"0",4,1.82,1,14,3.55,2,37,322.65,79,2,13,25,12,0.406649691253366,"1"
744,"0",4,28.95,5,32,175.2,39,16,175.2,39,6,6,25,12,0.000940264502880057,"0"
745,"0",3,1.17,1,10,2.53,2,26,145.36,41,2,8,25,12,0.0875281826947108,"0"
746,"0",4,24.63,6,16,43.13,9,41,372.99,86,2,13,25,12,0.0235708396957698,"0"
747,"0",4,1.26,2,18,1.32,4,38,306.33,78,3,13,25,12,0.553765151198746,"1"
748,"0",3,14.77,2,18,54.22,7,50,427.21,93,4,17,25,12,0.0662527964811293,"0"
749,"0",4,18.49,3,16,43.13,9,41,372.99,86,2,13,25,12,0.0283897723858891,"0"
750,"0",1,15.47,3,14,103.31,19,19,233,47,5,9,25,12,0.00133949596316269,"0"
751,"0",4,34.55,7,14,74.49,15,12,129.69,28,2,4,25,12,0.000326154683592221,"0"
752,"0",1,8.28,2,24,37.64,9,31,251.11,54,4,12,25,12,0.0138922233472102,"0"
753,"0",1,25.84,5,14,103.31,19,19,233,47,5,9,25,12,0.000295909263636908,"0"
754,"0",3,2.07,1,20,5.82,3,27,83.46,26,3,9,25,12,0.140214275775296,"1"
755,"0",3,2.1,1,20,5.82,3,27,83.46,26,3,9,25,12,0.139418863845507,"0"
756,"0",1,27.84,6,14,103.31,19,19,233,47,5,9,25,12,0.000280535655760083,"0"
757,"0",4,6.4,3,24,22.34,10,34,228.32,56,4,13,25,12,0.466484638672288,"1"
758,"0",1,10.25,1,14,103.31,19,19,233,47,5,9,25,12,0.00194911233229896,"0"
759,"0",1,2.41,1,16,8.57,4,32,190.87,50,3,12,25,12,0.0451941443234489,"0"
760,"0",3,23.91,4,14,103.31,19,19,233,47,5,9,25,12,0.00197803049944301,"0"
761,"0",3,13.93,4,24,37.64,9,31,251.11,54,4,12,25,12,0.0536885883194497,"0"
762,"1",4,6.22,1,24,37.64,9,31,251.11,54,4,12,25,12,0.197734760315768,"1"
763,"0",4,9.21,2,24,37.64,9,31,251.11,54,4,12,25,12,0.158140174890291,"1"
764,"0",3,4.11,2,16,8.57,4,32,190.87,50,3,12,25,12,0.236093324524328,"1"
765,"1",4,2.05,1,16,8.57,4,32,190.87,50,3,12,25,12,0.456151091243232,"1"
766,"0",2,15,3,4,15,3,20,237.75,49,1,9,25,12,0.00367394301004891,"0"
767,"0",3,22.48,5,10,55.19,13,5,55.19,13,2,2,25,12,0.000538190826257611,"0"
768,"1",4,2.7,1,24,22.34,10,34,228.32,56,4,13,25,12,0.476600908651342,"1"
769,"0",4,1.65,1,20,5.82,3,27,83.46,26,3,9,25,12,0.312352599538425,"1"
770,"0",3,13.68,4,6,13.68,4,23,251.43,53,1,10,25,12,0.0254189178311281,"0"
771,"0",3,39.95,8,14,74.49,15,12,129.69,28,2,4,25,12,5.7566793489882e-05,"0"
772,"0",3,7.18,3,24,22.34,10,34,228.32,56,4,13,25,12,0.224785204185802,"1"
773,"0",2,32.71,8,10,55.19,13,5,55.19,13,2,2,25,12,7.11131676802185e-05,"0"
774,"0",1,6.06,3,24,22.34,10,34,228.32,56,4,13,25,12,0.0544421385821411,"0"
775,"0",2,22.05,5,16,55.35,14,17,126.12,31,3,7,25,12,0.00129661001493747,"0"
776,"0",3,13.1,5,6,13.1,5,26,219.84,62,1,11,25,12,0.0720475596274132,"0"
777,"0",3,5.77,3,10,8.1,6,20,163.38,54,3,11,25,12,0.193317191335537,"1"
778,"0",1,26.08,7,38,123.21,35,34,240.59,64,8,14,25,12,0.00465628875047079,"0"
779,"0",3,28.61,8,18,70.76,17,9,70.76,17,4,4,25,12,0.000944592457422999,"0"
780,"0",3,16.43,4,38,123.21,35,34,240.59,64,8,14,25,12,0.0733352991957143,"0"
781,"0",3,19.64,4,18,70.76,17,9,70.76,17,4,4,25,12,0.00144745508877173,"0"
782,"0",1,0.18,1,10,8.1,6,20,163.38,54,3,11,25,12,0.0554676064278005,"0"
783,"0",1,13.78,3,18,70.76,17,9,70.76,17,4,4,25,12,0.000555145792211315,"0"
784,"0",2,7.13,2,16,21.97,7,25,169.84,56,4,13,25,12,0.0953622819588862,"0"
785,"0",2,8.74,2,18,70.76,17,9,70.76,17,4,4,25,12,0.0028992660250269,"0"
786,"1",2,2.64,1,38,123.21,35,34,240.59,64,8,14,25,12,0.169261430632272,"1"
787,"0",3,7.01,2,16,21.97,7,25,169.84,56,4,13,25,12,0.215578671553564,"1"
788,"0",1,8.74,3,2,8.74,3,27,228.58,65,1,12,25,12,0.0205910185333613,"0"
789,"0",3,16.82,4,38,123.21,35,34,240.59,64,8,14,25,12,0.0677025787449449,"0"
790,"0",4,10.58,2,16,55.35,14,17,126.12,31,3,7,25,12,0.0317636130071808,"0"
791,"0",1,20.5,7,38,123.21,35,34,240.59,64,8,14,25,12,0.0157548880948709,"0"
792,"0",2,20.21,7,38,123.21,35,34,240.59,64,8,14,25,12,0.0415262781930761,"0"
793,"1",3,2.53,1,38,123.21,35,34,240.59,64,8,14,25,12,0.346412938582604,"1"
794,"0",2,15.32,4,4,15.32,4,26,226.39,61,1,11,25,12,0.0121573390772689,"0"
795,"0",2,22.73,7,16,55.35,14,17,126.12,31,3,7,25,12,0.002420095652926,"0"
796,"0",1,2.15,2,10,8.1,6,20,163.38,54,3,11,25,12,0.0530684344506615,"0"
797,"0",1,1.79,1,16,21.97,7,25,169.84,56,4,13,25,12,0.0837896178252497,"0"
798,"0",4,18,4,38,123.21,35,34,240.59,64,8,14,25,12,0.124456397779025,"0"
799,"0",2,6.05,2,16,21.97,7,25,169.84,56,4,13,25,12,0.117973839097057,"0"
800,"0",4,22.84,5,28,68.47,19,37,218.44,73,5,15,25,12,0.108829427962556,"0"
801,"0",4,17.49,6,34,113.25,34,17,113.25,34,7,7,25,12,0.0347204845365181,"0"
802,"0",2,20.92,6,34,113.25,34,17,113.25,34,7,7,25,12,0.00261256982434699,"0"
803,"0",4,3.73,3,12,33.49,11,21,143.59,50,3,10,25,12,0.410453476453245,"1"
804,"0",2,11.53,3,34,113.25,34,17,113.25,34,7,7,25,12,0.00644902447179835,"0"
805,"0",1,2.02,1,12,33.49,11,21,143.59,50,3,10,25,12,0.0277728742757246,"0"
806,"1",1,5.85,2,28,68.47,19,37,218.44,73,5,15,25,12,0.0898745118258146,"0"
807,"0",1,11.6,6,4,13.63,8,17,118.33,41,2,8,25,12,0.0117467307384574,"0"
808,"0",1,3.02,1,4,6,2,28,177.04,56,2,12,25,12,0.0424962870359066,"0"
809,"0",2,8.54,1,34,113.25,34,17,113.25,34,7,7,25,12,0.00574717929682083,"0"
810,"1",4,9.91,4,28,68.47,19,37,218.44,73,5,15,25,12,0.589088516532501,"1"
811,"0",2,13.51,2,4,13.51,2,25,165.23,47,1,9,25,12,0.0049952392812147,"0"
812,"0",1,24.16,8,34,113.25,34,17,113.25,34,7,7,25,12,0.00109514863697038,"0"
813,"0",2,11.95,5,12,21.96,10,23,149.97,54,3,10,25,12,0.0357415934748186,"0"
814,"0",1,27.74,7,12,33.49,11,21,143.59,50,3,10,25,12,0.00100637668049975,"0"
815,"0",1,2.98,1,4,6,2,28,177.04,56,2,12,25,12,0.0428565556374205,"0"
816,"0",2,7.72,3,28,68.47,19,37,218.44,73,5,15,25,12,0.196533922963168,"1"
817,"0",3,22.15,5,28,68.47,19,37,218.44,73,5,15,25,12,0.0530296965574436,"0"
818,"0",1,2.03,2,4,13.63,8,17,118.33,41,2,8,25,12,0.0203766544171832,"0"
819,"1",2,2.21,2,12,21.96,10,23,149.97,54,3,10,25,12,0.0902623253883769,"0"
820,"0",4,10.6,3,8,10.6,3,35,223.1,71,1,14,25,12,0.350145362151841,"1"
821,"0",4,10.07,1,8,10.07,1,14,96.3,20,1,5,25,12,0.0124717279043285,"0"
822,"0",2,7.81,3,12,21.96,10,23,149.97,54,3,10,25,12,0.0407989034391506,"0"
823,"0",4,22.38,8,34,113.25,34,17,113.25,34,7,7,25,12,0.0258808924569196,"0"
824,"0",2,8.23,2,34,113.25,34,17,113.25,34,7,7,25,12,0.00903658625231313,"0"
825,"0",3,9.11,3,6,9.11,3,22,182.18,52,1,10,25,12,0.0644323081343092,"0"
826,"0",1,3.1,1,12,29.51,9,17,108.87,33,3,7,25,12,0.00766364275931828,"0"
827,"0",1,19.41,3,4,22.43,4,20,162.39,43,2,9,25,12,0.000804255898040474,"0"
828,"0",2,16.78,5,12,29.51,9,17,108.87,33,3,7,25,12,0.00450766231485094,"0"
829,"0",1,9.12,3,4,34.03,8,19,173.07,49,2,9,25,12,0.00731538583189475,"0"
830,"0",4,32.04,9,24,80.12,25,12,80.12,25,5,5,25,12,0.00239306390115031,"0"
831,"0",2,9.73,1,12,29.84,3,24,185.5,35,3,10,25,12,0.0106034426737714,"0"
832,"0",1,12.65,4,24,71.16,22,27,172.86,52,6,11,25,12,0.0113244818640833,"0"
833,"0",2,14.52,5,24,71.16,22,27,172.86,52,6,11,25,12,0.0275898138546729,"0"
834,"0",3,16.4,2,18,46.46,6,21,164.77,35,3,8,25,12,0.00444027140182245,"0"
835,"0",3,32.85,9,24,80.12,25,12,80.12,25,5,5,25,12,0.000789650151874972,"0"
836,"0",4,14.12,2,18,46.46,6,21,164.77,35,3,8,25,12,0.0183758106098465,"0"
837,"0",2,6.53,2,24,71.16,22,27,172.86,52,6,11,25,12,0.0491013395070382,"0"
838,"0",3,9.63,3,12,29.51,9,17,108.87,33,3,7,25,12,0.0249768733675534,"0"
839,"0",1,3.02,1,4,22.43,4,20,162.39,43,2,9,25,12,0.0135650274006817,"0"
840,"0",2,7.26,2,24,71.16,22,27,172.86,52,6,11,25,12,0.0421097404490486,"0"
841,"0",3,10.45,1,12,29.84,3,24,185.5,35,3,10,25,12,0.0226902443640719,"0"
842,"0",1,0.76,1,24,80.12,25,12,80.12,25,5,5,25,12,0.00647954027585925,"0"
843,"0",1,4.07,2,24,80.12,25,12,80.12,25,5,5,25,12,0.00461062756948113,"0"
844,"0",4,17.42,5,24,71.16,22,27,172.86,52,6,11,25,12,0.0880162127085871,"0"
845,"0",1,12.78,4,24,71.16,22,27,172.86,52,6,11,25,12,0.0110080587767005,"0"
846,"0",2,15.94,2,18,46.46,6,21,164.77,35,3,8,25,12,0.00194032784105856,"0"
847,"0",1,9.67,1,12,29.84,3,24,185.5,35,3,10,25,12,0.00425894639549678,"0"
848,"0",1,24.9,5,4,34.03,8,19,173.07,49,2,9,25,12,0.000493180985919311,"0"
849,"0",3,10.4,4,24,80.12,25,12,80.12,25,5,5,25,12,0.015803176239005,"0"
850,"1",4,6.26,2,32,43.03,11,35,169.83,55,5,13,25,12,0.451539775948506,"1"
851,"0",3,0.7,1,32,43.03,11,35,169.83,55,5,13,25,12,0.42848464803278,"1"
852,"0",4,16.39,2,16,32.01,4,38,199.17,56,2,13,25,12,0.0706728412503512,"0"
853,"0",2,13.67,6,20,80.84,29,20,149.68,50,5,9,25,12,0.0241145167707418,"0"
854,"0",3,7.85,4,22,11.76,9,31,149.9,58,4,13,25,12,0.354198252910614,"1"
855,"0",4,3.74,2,8,3.74,2,20,138.13,49,1,9,25,12,0.242415770291379,"1"
856,"0",4,14.34,3,32,43.03,11,35,169.83,55,5,13,25,12,0.169638441694248,"1"
857,"0",4,2.47,1,16,40.33,14,18,82.69,24,3,6,25,12,0.0986810388986308,"0"
858,"0",2,1.72,2,22,11.76,9,31,149.9,58,4,13,25,12,0.277658567676069,"1"
859,"0",3,15.34,3,32,43.03,11,35,169.83,55,5,13,25,12,0.0606297344723078,"0"
860,"0",2,27.19,8,16,40.33,14,18,82.69,24,3,6,25,12,0.00109886235171976,"0"
861,"1",4,13.47,6,20,80.84,29,20,149.68,50,5,9,25,12,0.142719085547119,"1"
862,"0",3,0.31,1,22,11.76,9,31,149.9,58,4,13,25,12,0.474763681371905,"1"
863,"0",4,15.29,3,20,42.35,10,10,42.35,10,3,3,25,12,0.00494417790077128,"0"
864,"0",4,15.62,2,16,32.01,4,38,199.17,56,2,13,25,12,0.0826671351367726,"0"
865,"0",2,23.95,7,20,80.84,29,20,149.68,50,5,9,25,12,0.00376110141477764,"0"
866,"0",2,6.39,2,32,43.03,11,35,169.83,55,5,13,25,12,0.11039986092289,"0"
867,"0",2,10.67,5,16,40.33,14,18,82.69,24,3,6,25,12,0.0129569686877795,"0"
868,"0",4,11.37,2,20,42.35,10,10,42.35,10,3,3,25,12,0.00793941179726335,"0"
869,"0",1,23.35,7,20,80.84,29,20,149.68,50,5,9,25,12,0.00169432026424259,"0"
870,"0",2,15.69,5,20,42.35,10,10,42.35,10,3,3,25,12,0.00152957658285763,"0"
871,"0",3,15.34,4,10,17.31,6,26,141.07,53,2,11,25,12,0.0457503240213528,"0"
872,"0",2,1.97,2,10,17.31,6,26,141.07,53,2,11,25,12,0.142205153851027,"1"
873,"0",1,6.39,3,20,80.84,29,20,149.68,50,5,9,25,12,0.0149199820324042,"0"
874,"0",3,1.88,2,22,11.76,9,31,149.9,58,4,13,25,12,0.485103807398074,"1"
875,"0",4,2.5,1,10,5.77,3,38,216.83,64,2,14,25,12,0.604437125262352,"1"
876,"0",1,8.77,4,32,48.41,22,35,225.17,60,6,12,25,12,0.0303576861449168,"0"
877,"0",3,9.18,5,32,48.41,22,35,225.17,60,6,12,25,12,0.213632482388168,"1"
878,"1",3,7.68,4,8,15.51,8,39,240.68,68,2,14,25,12,0.352512140480299,"1"
879,"0",1,3.27,2,10,5.77,3,38,216.83,64,2,14,25,12,0.104000195214797,"0"
880,"0",1,0.86,1,2,0.86,1,14,70.32,27,1,7,25,12,0.0151522401055116,"0"
881,"0",4,41.23,9,44,221.94,39,22,221.94,39,8,8,25,12,0.000535525661524176,"0"
882,"0",1,1.62,2,4,3.55,4,25,157.77,51,2,11,25,12,0.060861334792395,"0"
883,"0",4,26.5,3,16,60.16,10,26,277.59,48,2,9,25,12,0.00153689166731468,"0"
884,"0",1,25.29,3,44,221.94,39,22,221.94,39,8,8,25,12,0.000107463325339886,"0"
885,"0",2,37.65,7,44,221.94,39,22,221.94,39,8,8,25,12,8.42923253577053e-05,"0"
886,"0",2,27.35,4,44,221.94,39,22,221.94,39,8,8,25,12,0.000255234661286058,"0"
887,"0",3,19.96,4,6,19.96,4,29,297.54,52,1,10,25,12,0.00514426509764976,"0"
888,"1",3,6.74,3,32,48.41,22,35,225.17,60,6,12,25,12,0.176485301071906,"1"
889,"0",3,30.54,4,44,221.94,39,22,221.94,39,8,8,25,12,0.000320742669966611,"0"
890,"0",3,20.77,3,44,221.94,39,22,221.94,39,8,8,25,12,0.00187318673437824,"0"
891,"0",3,8,4,32,48.41,22,35,225.17,60,6,12,25,12,0.193009311568262,"1"
892,"0",1,1.93,2,4,3.55,4,25,157.77,51,2,11,25,12,0.0570703769378094,"0"
893,"0",4,33.66,7,16,60.16,10,26,277.59,48,2,9,25,12,0.00149409150088268,"0"
894,"1",3,7.71,3,32,48.41,22,35,225.17,60,6,12,25,12,0.147519969195324,"1"
895,"0",1,7.82,4,8,15.51,8,39,240.68,68,2,14,25,12,0.0756879017022929,"0"
896,"0",3,9.67,3,6,9.67,3,28,261.15,49,1,9,25,12,0.0262211224865,"0"
897,"0",4,4.52,1,44,221.94,39,22,221.94,39,8,8,25,12,0.0731594169009289,"0"
898,"0",3,34.6,8,44,221.94,39,22,221.94,39,8,8,25,12,0.000617370798650737,"0"
899,"0",3,8.02,3,32,48.41,22,35,225.17,60,6,12,25,12,0.139130853973049,"0"
900,"0",2,12.28,3,22,73.11,21,16,120.13,34,5,7,25,12,0.00528505029526889,"0"
901,"0",3,3.84,2,42,16.09,10,28,55.36,24,7,9,25,12,0.15792726301905,"1"
902,"0",1,14.9,5,22,73.11,21,16,120.13,34,5,7,25,12,0.0025430222626553,"0"
903,"0",3,0.88,1,42,16.09,10,28,55.36,24,7,9,25,12,0.196434990276381,"1"
904,"0",1,12.58,4,4,23.78,6,18,143.91,40,2,9,25,12,0.00583603095413155,"0"
905,"0",1,8.65,3,10,20.46,8,23,164.37,48,2,11,25,12,0.0192259182279866,"0"
906,"0",2,15.9,5,22,73.11,21,16,120.13,34,5,7,25,12,0.00516569995319302,"0"
907,"1",4,0.92,1,42,16.09,10,28,55.36,24,7,9,25,12,0.380890909344961,"1"
908,"0",2,3.56,1,24,16.22,5,30,67.95,25,5,10,25,12,0.0704479920853062,"0"
909,"0",1,0.91,1,42,16.09,10,28,55.36,24,7,9,25,12,0.0363024295375696,"0"
910,"0",3,27.46,9,6,27.46,9,3,27.46,9,1,1,25,12,0.000642691994512731,"0"
911,"0",2,19.56,4,4,19.56,4,5,47.02,13,1,2,25,12,0.00028551408256246,"0"
912,"0",1,11.2,2,4,23.78,6,18,143.91,40,2,9,25,12,0.00365240110003896,"0"
913,"0",1,3.11,1,24,16.22,5,30,67.95,25,5,10,25,12,0.0319102019465124,"0"
914,"0",3,3.98,2,14,6.5,3,25,127.83,42,2,10,25,12,0.160213960324836,"1"
915,"0",2,0.93,1,42,16.09,10,28,55.36,24,7,9,25,12,0.0869445807214623,"0"
916,"0",4,4.2,2,42,16.09,10,28,55.36,24,7,9,25,12,0.305483591600069,"1"
917,"0",1,3.5,1,24,16.22,5,30,67.95,25,5,10,25,12,0.0293584463306408,"0"
918,"1",4,2.52,1,14,6.5,3,25,127.83,42,2,10,25,12,0.312052829332916,"1"
919,"1",4,11.81,5,10,20.46,8,23,164.37,48,2,11,25,12,0.257633384966731,"1"
920,"1",4,3.04,1,24,16.22,5,30,67.95,25,5,10,25,12,0.353968983082899,"1"
921,"1",4,3.03,1,24,16.22,5,30,67.95,25,5,10,25,12,0.354473273111122,"1"
922,"0",4,14.97,4,22,73.11,21,16,120.13,34,5,7,25,12,0.0271328177396813,"0"
923,"0",4,4.42,2,42,16.09,10,28,55.36,24,7,9,25,12,0.295291744037444,"1"
924,"0",2,15.07,4,22,73.11,21,16,120.13,34,5,7,25,12,0.00421407655168346,"0"
925,"0",3,3.96,1,26,33.56,13,20,117.51,37,4,8,25,12,0.0563541997986258,"0"
926,"0",1,5.43,2,28,22.37,10,31,113.04,43,6,14,25,12,0.108746505810003,"0"
927,"0",3,3.25,1,16,12.39,4,18,86.42,31,3,8,25,12,0.0755802284830137,"0"
928,"1",4,8.89,3,32,35.8,15,26,102.24,37,7,11,25,12,0.294273243825867,"1"
929,"0",3,5.4,2,28,22.37,10,31,113.04,43,6,14,25,12,0.441902834681599,"1"
930,"0",2,7.86,3,32,35.8,15,26,102.24,37,7,11,25,12,0.0750765846219574,"0"
931,"0",4,5.43,2,28,22.37,10,31,113.04,43,6,14,25,12,0.666349345325655,"1"
932,"0",3,5.84,2,16,12.39,4,18,86.42,31,3,8,25,12,0.0637204790166824,"0"
933,"0",2,2.69,2,4,2.69,2,15,112.29,37,1,7,25,12,0.030142794744117,"0"
934,"0",1,34.95,9,12,73.21,19,6,73.21,19,3,3,25,12,3.48212404171775e-05,"0"
935,"0",1,7.59,3,32,35.8,15,26,102.24,37,7,11,25,12,0.0328165451879992,"0"
936,"1",2,0.31,1,28,22.37,10,31,113.04,43,6,14,25,12,0.393972903154924,"1"
937,"0",1,2.96,2,32,35.8,15,26,102.24,37,7,11,25,12,0.0600703647998023,"0"
938,"0",3,3.04,1,32,35.8,15,26,102.24,37,7,11,25,12,0.215528502664334,"1"
939,"0",4,19.29,5,12,73.21,19,6,73.21,19,3,3,25,12,0.00380451194862496,"0"
940,"1",3,0.3,1,28,22.37,10,31,113.04,43,6,14,25,12,0.6232435237472,"1"
941,"0",1,5.48,2,28,22.37,10,31,113.04,43,6,14,25,12,0.107682766116495,"0"
942,"0",3,9.77,5,26,33.56,13,20,117.51,37,4,8,25,12,0.0725095056874456,"0"
943,"0",4,3.95,1,26,33.56,13,20,117.51,37,4,8,25,12,0.131917131658572,"0"
944,"0",3,15.88,6,26,33.56,13,20,117.51,37,4,8,25,12,0.0290796192752005,"0"
945,"0",2,3.3,1,16,12.39,4,18,86.42,31,3,8,25,12,0.030865311236029,"0"
946,"0",3,2.69,1,32,35.8,15,26,102.24,37,7,11,25,12,0.228860360008204,"1"
947,"0",1,18.97,5,12,73.21,19,6,73.21,19,3,3,25,12,0.000250315330558592,"0"
948,"1",2,2.78,2,32,35.8,15,26,102.24,37,7,11,25,12,0.144447667317535,"1"
949,"0",1,10.74,5,2,10.74,5,7,83.95,24,1,4,25,12,0.0021995294060491,"0"
950,"0",4,5.82,3,40,31.07,16,28,54.02,30,6,9,25,12,0.313432353805563,"1"
951,"1",4,3.77,1,22,37.91,9,35,90.96,38,4,12,25,12,0.487858193255355,"1"
952,"0",3,6.36,4,14,11.63,8,8,22.95,14,2,3,25,12,0.0222740788902075,"0"
953,"0",3,23.83,2,26,73.2,8,23,148.8,21,5,9,25,12,0.00142194391661548,"0"
954,"0",1,18.38,1,12,53.6,3,21,189.02,19,3,9,25,12,0.000406386752032891,"0"
955,"0",2,6.32,3,40,31.07,16,28,54.02,30,6,9,25,12,0.0596419303159597,"0"
956,"0",3,6.47,3,40,31.07,16,28,54.02,30,6,9,25,12,0.134797027813098,"0"
957,"0",3,19.64,3,20,47.45,8,32,108.09,30,4,11,25,12,0.0146861809209411,"0"
958,"0",4,5.27,4,14,11.63,8,8,22.95,14,2,3,25,12,0.0685146867589329,"0"
959,"1",1,3.62,1,22,37.91,9,35,90.96,38,4,12,25,12,0.056741351056588,"0"
960,"0",2,17.01,1,12,53.6,3,21,189.02,19,3,9,25,12,0.00139425808903923,"0"
961,"0",4,0.96,1,40,31.07,16,28,54.02,30,6,9,25,12,0.380413354162004,"1"
962,"1",3,1.16,1,20,47.45,8,32,108.09,30,4,11,25,12,0.28759078557293,"1"
963,"0",4,22.97,4,22,37.91,9,35,90.96,38,4,12,25,12,0.0423424680131427,"0"
964,"0",4,5.26,3,40,31.07,16,28,54.02,30,6,9,25,12,0.340590069949309,"1"
965,"0",3,1.22,1,20,47.45,8,32,108.09,30,4,11,25,12,0.284888364094228,"1"
966,"0",2,2.73,1,26,73.2,8,23,148.8,21,5,9,25,12,0.0383459959178038,"0"
967,"0",3,22.52,2,26,73.2,8,23,148.8,21,5,9,25,12,0.00189713795735781,"0"
968,"0",1,21.03,2,26,73.2,8,23,148.8,21,5,9,25,12,0.000409328579290052,"0"
969,"0",2,7.56,3,22,37.91,9,35,90.96,38,4,12,25,12,0.122113279035981,"0"
970,"0",1,11.32,6,2,11.32,6,1,11.32,6,1,1,25,12,0.00118667574458267,"0"
971,"0",4,3.1,1,26,73.2,8,23,148.8,21,5,9,25,12,0.191542134975281,"1"
972,"0",3,6.23,3,40,31.07,16,28,54.02,30,6,9,25,12,0.141087775757193,"1"
973,"0",3,18.22,1,12,53.6,3,21,189.02,19,3,9,25,12,0.00270762208265689,"0"
974,"0",1,25.43,3,20,47.45,8,32,108.09,30,4,11,25,12,0.000644721807144293,"0"
975,"0",4,12.9,5,24,25.85,10,21,147.15,43,3,9,25,12,0.114868587812148,"0"
976,"0",2,5.49,1,4,5.49,1,13,108.65,28,1,6,25,12,0.0075931197989514,"0"
977,"0",3,15.1,5,22,20.1,10,25,118.92,42,3,8,25,12,0.02340909078661,"0"
978,"0",2,8.03,5,6,13.76,7,17,149.34,40,2,9,25,12,0.0550453223435672,"0"
979,"0",2,15.02,3,20,130.04,30,10,130.04,30,6,6,25,12,0.0018198565466998,"0"
980,"0",3,34.82,9,20,130.04,30,10,130.04,30,6,6,25,12,0.000601692652062151,"0"
981,"0",1,5.73,2,6,13.76,7,17,149.34,40,2,9,25,12,0.0117702300783821,"0"
982,"1",4,4.33,1,24,25.85,10,21,147.15,43,3,9,25,12,0.154097611300484,"1"
983,"1",4,2.09,2,22,20.1,10,25,118.92,42,3,8,25,12,0.250928290066265,"1"
984,"0",2,9.3,2,24,33.39,7,27,135.61,37,5,10,25,12,0.0218667756299542,"0"
985,"0",3,1.18,2,14,2.47,4,32,121.39,46,2,10,25,12,0.267623267427256,"1"
986,"1",4,2.91,3,22,20.1,10,25,118.92,42,3,8,25,12,0.291750650551998,"1"
987,"0",4,8.62,4,24,25.85,10,21,147.15,43,3,9,25,12,0.184531890775529,"1"
988,"0",3,5.05,1,24,33.39,7,27,135.61,37,5,10,25,12,0.0895201913702733,"0"
989,"0",1,18.18,4,20,130.04,30,10,130.04,30,6,6,25,12,0.000526859896753319,"0"
990,"0",1,34.45,9,20,130.04,30,10,130.04,30,6,6,25,12,0.000101317937001353,"0"
991,"0",2,5.14,1,24,33.39,7,27,135.61,37,5,10,25,12,0.036575169722847,"0"
992,"1",3,4.41,1,24,33.39,7,27,135.61,37,5,10,25,12,0.101705588923789,"0"
993,"1",4,1.29,2,14,2.47,4,32,121.39,46,2,10,25,12,0.475223151939876,"1"
994,"0",1,20.09,4,20,130.04,30,10,130.04,30,6,6,25,12,0.000345863630506322,"0"
995,"1",4,4.94,2,8,4.94,2,32,124.24,46,1,10,25,12,0.285304323674869,"1"
996,"0",2,7.48,1,20,130.04,30,10,130.04,30,6,6,25,12,0.00440751654935796,"0"
997,"0",3,6.39,2,12,13.02,4,14,135.58,33,2,7,25,12,0.030085228927923,"0"
998,"0",3,6.63,2,12,13.02,4,14,135.58,33,2,7,25,12,0.0285791225478656,"0"
999,"0",2,9.48,2,24,33.39,7,27,135.61,37,5,10,25,12,0.0210339412087522,"0"
1000,"0",2,2.88,2,20,12.85,8,27,149.91,53,4,11,25,12,0.114810355438739,"0"
1001,"0",2,6.3,3,20,12.85,8,27,149.91,53,4,11,25,12,0.0824938668593215,"0"
1002,"0",4,3.66,2,26,88.17,26,20,113.26,35,4,6,25,12,0.0960654578030809,"0"
1003,"0",2,26.24,8,26,88.17,26,20,113.26,35,4,6,25,12,0.00116030675959808,"0"
1004,"0",3,30.27,8,26,88.17,26,20,113.26,35,4,6,25,12,0.00121163563347756,"0"
1005,"0",2,3.13,2,20,12.85,8,27,149.91,53,4,11,25,12,0.109326971963499,"0"
1006,"0",2,21.15,4,24,48.64,10,29,188.46,55,4,11,25,12,0.00410850919813779,"0"
1007,"0",2,16.02,6,14,35.79,16,27,149.04,51,4,10,25,12,0.0218803825904723,"0"
1008,"0",4,7.9,3,14,25.09,9,7,25.09,9,2,2,25,12,0.0179290380395386,"0"
1009,"0",2,3.54,3,14,35.79,16,27,149.04,51,4,10,25,12,0.0987328790735465,"0"
1010,"0",3,17.19,6,14,25.09,9,7,25.09,9,2,2,25,12,0.00295758255871898,"0"
1011,"0",2,17.58,3,6,26.88,5,23,188.14,50,2,10,25,12,0.00405076796573025,"0"
1012,"0",1,9.47,1,10,18.07,2,23,166.97,37,2,9,25,12,0.00323089200508115,"0"
1013,"0",1,15.8,6,14,35.79,16,27,149.04,51,4,10,25,12,0.00916353506427329,"0"
1014,"0",4,0.55,1,20,12.85,8,27,149.91,53,4,11,25,12,0.486790654646339,"1"
1015,"0",2,0.42,1,14,35.79,16,27,149.04,51,4,10,25,12,0.0912348103189905,"0"
1016,"0",4,8.61,1,10,18.07,2,23,166.97,37,2,9,25,12,0.0602653797088191,"0"
1017,"0",4,11.74,2,10,25.66,4,26,204.22,52,2,11,25,12,0.0826016375140344,"0"
1018,"0",2,9.57,2,24,48.64,10,29,188.46,55,4,11,25,12,0.0238278026619098,"0"
1019,"0",1,9.29,2,6,26.88,5,23,188.14,50,2,10,25,12,0.00671596081987963,"0"
1020,"0",4,3.72,1,24,48.64,10,29,188.46,55,4,11,25,12,0.279466422286145,"1"
1021,"0",1,13.92,2,10,25.66,4,26,204.22,52,2,11,25,12,0.0033903177868885,"0"
1022,"0",4,14.2,3,24,48.64,10,29,188.46,55,4,11,25,12,0.0771012321156389,"0"
1023,"0",4,27.99,8,26,88.17,26,20,113.26,35,4,6,25,12,0.00506584574397281,"0"
1024,"0",3,2.55,1,6,2.55,1,26,151.91,53,1,11,25,12,0.192215770135019,"1"
1025,"0",4,2.35,1,14,29.7,10,30,217.56,62,3,13,25,12,0.509508482193845,"1"
1026,"0",1,14.88,5,28,111.8,32,14,111.8,32,6,6,25,12,0.00176024883930694,"0"
1027,"0",2,9.98,3,16,36.53,11,24,195.82,57,3,11,25,12,0.0306813984902025,"0"
1028,"0",1,1.44,1,12,4.12,3,12,21.33,10,3,5,25,12,0.00750612058883333,"0"
1029,"0",3,1.6,1,10,4.49,3,13,60.88,21,2,5,25,12,0.0370866676221433,"0"
1030,"0",2,14.62,5,14,29.7,10,30,217.56,62,3,13,25,12,0.0483223887935744,"0"
1031,"0",3,8.57,1,22,70.37,16,25,182.17,48,4,10,25,12,0.0345051911208492,"0"
1032,"0",2,12.23,3,16,36.53,11,24,195.82,57,3,11,25,12,0.0189101905831044,"0"
1033,"0",4,1.36,1,12,4.12,3,12,21.33,10,3,5,25,12,0.111894243209734,"0"
1034,"0",2,15.35,4,28,111.8,32,14,111.8,32,6,6,25,12,0.00273217555053408,"0"
1035,"0",1,14.21,4,28,111.8,32,14,111.8,32,6,6,25,12,0.00138540346123495,"0"
1036,"0",3,11.96,3,22,70.37,16,25,182.17,48,4,10,25,12,0.0354414826626485,"0"
1037,"0",1,12.73,4,14,29.7,10,30,217.56,62,3,13,25,12,0.0201738012286988,"0"
1038,"0",2,10.39,2,20,28.7,6,33,209.64,58,3,13,25,12,0.0402992349181308,"0"
1039,"0",3,23.26,6,22,70.37,16,25,182.17,48,4,10,25,12,0.009638474882619,"0"
1040,"0",4,9.21,2,20,28.7,6,33,209.64,58,3,13,25,12,0.259878870894127,"1"
1041,"0",1,14.25,5,2,14.25,5,23,187.86,52,1,10,25,12,0.00720364591042563,"0"
1042,"1",4,9.1,2,20,28.7,6,33,209.64,58,3,13,25,12,0.264570281800317,"1"
1043,"0",2,27.44,8,28,111.8,32,14,111.8,32,6,6,25,12,0.000897449092775686,"0"
1044,"0",2,2.89,2,10,4.49,3,13,60.88,21,2,5,25,12,0.016539504301779,"0"
1045,"0",4,14.39,4,28,111.8,32,14,111.8,32,6,6,25,12,0.0213581847104034,"0"
1046,"0",4,14.32,5,16,36.53,11,24,195.82,57,3,11,25,12,0.145408807909053,"1"
1047,"0",4,25.52,7,28,111.8,32,14,111.8,32,6,6,25,12,0.00596553719677402,"0"
1048,"0",2,26.58,6,22,70.37,16,25,182.17,48,4,10,25,12,0.00184027597263956,"0"
1049,"0",1,1.32,1,12,4.12,3,12,21.33,10,3,5,25,12,0.00770579233594428,"0"
1050,"0",1,14.63,7,14,27.75,13,18,56.44,25,3,6,25,12,0.00532656169704454,"0"
1051,"0",1,4.65,1,10,12.87,3,21,84.74,27,3,8,25,12,0.00930691963546877,"0"
1052,"0",3,6.27,3,28,38.73,16,32,95.17,41,4,10,25,12,0.166813731995245,"1"
1053,"0",3,6.93,3,28,38.73,16,32,95.17,41,4,10,25,12,0.14755842816938,"1"
1054,"0",2,3.74,2,34,56.31,22,42,139.86,58,6,14,25,12,0.281867733956148,"1"
1055,"0",3,8.58,4,14,27.75,13,18,56.44,25,3,6,25,12,0.0393531485077027,"0"
1056,"0",1,5.11,3,34,56.31,22,42,139.86,58,6,14,25,12,0.14412144176212,"1"
1057,"0",1,4.12,1,10,12.87,3,21,84.74,27,3,8,25,12,0.0104483812279407,"0"
1058,"0",2,8.49,4,34,56.31,22,42,139.86,58,6,14,25,12,0.230180419749244,"1"
1059,"0",3,11.03,5,22,28.69,12,11,28.69,12,3,3,25,12,0.0115108487886155,"0"
1060,"0",4,7.06,3,22,28.69,12,11,28.69,12,3,3,25,12,0.0316458685308132,"0"
1061,"0",3,4.1,1,10,12.87,3,21,84.74,27,3,8,25,12,0.0639933667524337,"0"
1062,"1",4,5.18,3,34,56.31,22,42,139.86,58,6,14,25,12,0.7307487617214,"1"
1063,"0",3,14.74,1,6,14.74,1,7,40.12,7,1,2,25,12,0.000678995769499736,"0"
1064,"0",2,5.38,3,4,5.38,3,40,134.65,57,1,14,25,12,0.292596030512343,"1"
1065,"1",4,8.41,4,34,56.31,22,42,139.86,58,6,14,25,12,0.662375071000901,"1"
1066,"0",3,6.93,2,6,6.93,2,28,98.68,37,1,9,25,12,0.070795381906642,"0"
1067,"0",4,10.6,4,22,28.69,12,11,28.69,12,3,3,25,12,0.0215865884022615,"0"
1068,"0",4,4.53,2,22,14.13,6,37,112.23,46,3,12,25,12,0.515894979734455,"1"
1069,"0",4,17.33,6,28,38.73,16,32,95.17,41,4,10,25,12,0.124312224827761,"0"
1070,"0",3,4.54,2,14,27.75,13,18,56.44,25,3,6,25,12,0.0439617574089022,"0"
1071,"0",3,1.98,1,22,14.13,6,37,112.23,46,3,12,25,12,0.333242338241649,"1"
1072,"0",4,25.38,6,34,56.31,22,42,139.86,58,6,14,25,12,0.0917748331975372,"0"
1073,"1",4,8.2,4,28,38.73,16,32,95.17,41,4,10,25,12,0.328596754336793,"1"
1074,"0",4,7.61,3,22,14.13,6,37,112.23,46,3,12,25,12,0.443280526707924,"1"
1075,"0",4,3.13,2,12,5.87,4,20,65.52,29,2,7,25,12,0.1873124593673,"1"
1076,"0",1,3.55,1,20,15.8,5,23,76.58,31,4,9,25,12,0.018551779001879,"0"
1077,"1",3,3.45,1,20,15.8,5,23,76.58,31,4,9,25,12,0.110773408114372,"0"
1078,"0",4,14.92,5,8,14.92,5,9,22.85,9,1,3,25,12,0.0127539024852268,"0"
1079,"0",2,6.03,1,26,65.72,21,17,80.64,26,5,6,25,12,0.00776794716721857,"0"
1080,"0",4,3.87,2,12,9.14,5,6,9.14,5,3,3,25,12,0.0471475101167698,"0"
1081,"0",2,1.13,1,12,9.58,5,26,99.05,41,2,10,25,12,0.0995917363322982,"0"
1082,"0",2,6.08,3,20,18.9,11,27,95.7,39,4,10,25,12,0.075791209497962,"0"
1083,"0",3,4.94,2,20,15.8,5,23,76.58,31,4,9,25,12,0.116726620121117,"0"
1084,"0",1,4.06,2,12,9.14,5,6,9.14,5,3,3,25,12,0.00289060549063366,"0"
1085,"0",3,19.28,7,26,65.72,21,17,80.64,26,5,6,25,12,0.0108363949148102,"0"
1086,"0",3,4.96,2,12,11.78,5,21,86.39,30,2,7,25,12,0.0517314433415628,"0"
1087,"1",3,2.2,2,20,18.9,11,27,95.7,39,4,10,25,12,0.249486190920154,"1"
1088,"0",3,3.86,1,20,15.8,5,23,76.58,31,4,9,25,12,0.102178283833125,"0"
1089,"0",3,1.85,1,12,3.58,2,23,64.15,29,2,8,25,12,0.110814934050918,"0"
1090,"0",1,1.21,1,12,9.14,5,6,9.14,5,3,3,25,12,0.00367456426349852,"0"
1091,"0",3,17.62,7,26,65.72,21,17,80.64,26,5,6,25,12,0.0155504629390014,"0"
1092,"0",4,9.6,2,26,65.72,21,17,80.64,26,5,6,25,12,0.0327396135842218,"0"
1093,"1",3,6.82,3,12,11.78,5,21,86.39,30,2,7,25,12,0.0506385949934158,"0"
1094,"1",4,1.28,1,20,18.9,11,27,95.7,39,4,10,25,12,0.412339257170931,"1"
1095,"1",3,1.73,1,12,3.58,2,23,64.15,29,2,8,25,12,0.113448612987673,"0"
1096,"0",4,8.45,4,12,9.58,5,26,99.05,41,2,10,25,12,0.312314530239558,"1"
1097,"0",1,13.19,4,26,65.72,21,17,80.64,26,5,6,25,12,0.002030260778032,"0"
1098,"0",2,2.74,2,12,5.87,4,20,65.52,29,2,7,25,12,0.0375017982174546,"0"
1099,"0",1,9.35,5,20,18.9,11,27,95.7,39,4,10,25,12,0.0329731118107605,"0"
1100,"1",4,4.95,3,24,13.22,8,19,86.15,34,3,8,25,12,0.236762388158473,"1"
1101,"0",1,6.15,3,20,18.41,9,23,71.63,34,4,9,25,12,0.0231696960209759,"0"
1102,"0",2,4.2,1,4,4.2,1,7,46.79,10,1,3,25,12,0.00398637370732273,"0"
1103,"1",3,2.6,2,12,5.64,4,25,73.91,37,2,10,25,12,0.253679977637134,"1"
1104,"1",2,10.25,5,6,22.88,11,11,93.71,30,2,6,25,12,0.0134352125861807,"0"
1105,"0",2,3.86,2,20,18.41,9,23,71.63,34,4,9,25,12,0.0634237979723135,"0"
1106,"1",3,2.19,1,36,15.88,7,21,46.37,20,7,9,25,12,0.160845207292438,"1"
1107,"1",4,0.74,1,24,13.22,8,19,86.15,34,3,8,25,12,0.265518217739108,"1"
1108,"0",1,10.38,3,6,28.24,10,8,70.84,19,2,4,25,12,0.00117351302453605,"0"
1109,"1",4,2.16,1,36,15.88,7,21,46.37,20,7,9,25,12,0.32881208411412,"1"
1110,"0",1,2.15,1,36,15.88,7,21,46.37,20,7,9,25,12,0.0291225601578707,"0"
1111,"0",3,2.31,1,36,15.88,7,21,46.37,20,7,9,25,12,0.157306462298212,"1"
1112,"0",2,17.87,7,6,28.24,10,8,70.84,19,2,4,25,12,0.00268914298770019,"0"
1113,"1",3,3.04,2,12,5.64,4,25,73.91,37,2,10,25,12,0.23575745917669,"1"
1114,"0",1,12.63,6,6,22.88,11,11,93.71,30,2,6,25,12,0.00465444646519606,"0"
1115,"1",3,1.97,1,8,3.62,2,23,68.71,34,2,10,25,12,0.213933021303185,"1"
1116,"1",4,2.2,1,36,15.88,7,21,46.37,20,7,9,25,12,0.326868890317806,"1"
1117,"0",1,21.81,5,10,42.59,9,5,42.59,9,2,2,25,12,0.000103200337789833,"0"
1118,"0",1,1.65,1,8,3.62,2,23,68.71,34,2,10,25,12,0.0433394349082539,"0"
1119,"1",4,3.37,1,20,18.41,9,23,71.63,34,4,9,25,12,0.248176681081955,"1"
1120,"0",4,20.78,4,10,42.59,9,5,42.59,9,2,2,25,12,0.00143682541297562,"0"
1121,"1",3,5.03,3,20,18.41,9,23,71.63,34,4,9,25,12,0.163692833478496,"1"
1122,"0",1,2.22,1,36,15.88,7,21,46.37,20,7,9,25,12,0.0286893873605366,"0"
1123,"0",4,7.52,4,24,13.22,8,19,86.15,34,3,8,25,12,0.205945629017761,"1"
1124,"0",2,2.66,1,36,15.88,7,21,46.37,20,7,9,25,12,0.063724336310397,"0"
1125,"0",3,20.31,5,10,42.03,11,14,84.95,25,3,6,25,12,0.00391913816323076,"0"
1126,"0",4,24.52,7,20,44.32,15,10,44.32,15,4,4,25,12,0.00456897201761675,"0"
1127,"0",1,1.4,1,20,44.32,15,10,44.32,15,4,4,25,12,0.00446264902201757,"0"
1128,"0",3,10.45,2,8,19.79,4,18,59.37,18,2,7,25,12,0.0183085556725269,"0"
1129,"0",4,10.87,3,36,33.57,13,31,99.29,33,6,11,25,12,0.214793673410241,"1"
1130,"0",1,4.18,1,12,25.14,6,26,178.26,45,3,11,25,12,0.0220500494175866,"0"
1131,"0",3,0.41,1,36,33.57,13,31,99.29,33,6,11,25,12,0.332441389635791,"1"
1132,"0",4,15.48,5,20,44.32,15,10,44.32,15,4,4,25,12,0.0152763678461943,"0"
1133,"0",3,6.77,3,12,13.42,5,27,172.02,44,2,11,25,12,0.155401211744293,"1"
1134,"0",1,17.79,5,16,72.81,17,20,153.13,39,4,8,25,12,0.00172476653777683,"0"
1135,"0",1,9.34,2,8,19.79,4,18,59.37,18,2,7,25,12,0.00368146991904425,"0"
1136,"0",1,1.72,1,10,42.03,11,14,84.95,25,3,6,25,12,0.00774133690206152,"0"
1137,"0",1,9.79,1,2,9.79,1,13,61.05,14,1,6,25,12,0.00148428245713504,"0"
1138,"0",1,17.13,4,16,72.81,17,20,153.13,39,4,8,25,12,0.00135448157521637,"0"
1139,"0",3,10.96,2,12,25.14,6,26,178.26,45,3,11,25,12,0.0458371852936866,"0"
1140,"0",2,9.99,3,12,25.14,6,26,178.26,45,3,11,25,12,0.0333709927756833,"0"
1141,"0",3,10.82,3,36,33.57,13,31,99.29,33,6,11,25,12,0.098232278015222,"0"
1142,"0",2,18.12,4,16,72.81,17,20,153.13,39,4,8,25,12,0.00276083807091171,"0"
1143,"0",3,6.65,2,12,13.42,5,27,172.02,44,2,11,25,12,0.113654715111621,"0"
1144,"1",4,0.34,1,36,33.57,13,31,99.29,33,6,11,25,12,0.562187482733388,"1"
1145,"0",1,2.92,2,20,44.32,15,10,44.32,15,4,4,25,12,0.00470183929285302,"0"
1146,"0",4,19.77,4,16,72.81,17,20,153.13,39,4,8,25,12,0.0122529937297694,"0"
1147,"0",1,9.77,3,36,33.57,13,31,99.29,33,6,11,25,12,0.0208547998462645,"0"
1148,"0",1,20.01,5,10,42.03,11,14,84.95,25,3,6,25,12,0.000651636086775403,"0"
1149,"0",3,1.35,2,36,33.57,13,31,99.29,33,6,11,25,12,0.373589676098762,"1"
1150,"0",1,37.77,8,14,118.7,27,13,181.53,43,4,6,25,12,2.54794327100547e-05,"0"
1151,"0",4,38.05,9,12,62.83,16,6,62.83,16,2,2,25,12,0.00020019205747126,"0"
1152,"0",4,1.25,2,16,25.44,8,21,206.97,51,2,8,25,12,0.205083509217929,"1"
1153,"0",2,1.53,1,38,12.02,8,32,177.55,46,8,14,25,12,0.263742335968077,"1"
1154,"0",1,12.4,3,14,118.7,27,13,181.53,43,4,6,25,12,0.00098452522578861,"0"
1155,"0",3,1.58,1,38,12.02,8,32,177.55,46,8,14,25,12,0.473561179181151,"1"
1156,"0",3,1.56,1,38,12.02,8,32,177.55,46,8,14,25,12,0.474660504079745,"1"
1157,"0",3,1.5,1,38,12.02,8,32,177.55,46,8,14,25,12,0.477959910356112,"1"
1158,"0",2,38.57,8,14,118.7,27,13,181.53,43,4,6,25,12,5.42310831457737e-05,"0"
1159,"0",2,12.63,3,6,19.02,4,21,232.42,55,2,9,25,12,0.00634760580207148,"0"
1160,"0",1,1.45,1,38,12.02,8,32,177.55,46,8,14,25,12,0.125565776547095,"0"
1161,"1",2,1.49,1,38,12.02,8,32,177.55,46,8,14,25,12,0.265458246869663,"1"
1162,"0",1,8.88,2,14,28.79,7,27,254.83,61,3,11,25,12,0.00793201478139786,"0"
1163,"0",3,6.01,1,6,6.01,1,23,232.04,55,1,9,25,12,0.0312109670072652,"0"
1164,"0",1,10.07,2,2,10.07,2,24,227.48,53,1,10,25,12,0.00464224360601559,"0"
1165,"0",4,8.8,2,14,28.79,7,27,254.83,61,3,11,25,12,0.117541619435733,"0"
1166,"0",2,24.79,7,12,62.83,16,6,62.83,16,2,2,25,12,0.000266085338201507,"0"
1167,"0",4,24.18,6,16,25.44,8,21,206.97,51,2,8,25,12,0.00769317190499731,"0"
1168,"0",1,6.38,1,6,19.02,4,21,232.42,55,2,9,25,12,0.00457608448959451,"0"
1169,"0",2,11.11,3,14,28.79,7,27,254.83,61,3,11,25,12,0.0179653697205579,"0"
1170,"0",2,20.09,5,10,21.37,6,26,228.34,57,2,10,25,12,0.00412390067132594,"0"
1171,"0",1,1.35,1,38,12.02,8,32,177.55,46,8,14,25,12,0.12800641055885,"0"
1172,"0",3,1.28,1,10,21.37,6,26,228.34,57,2,10,25,12,0.123635231772093,"0"
1173,"0",3,29.96,8,14,118.7,27,13,181.53,43,4,6,25,12,0.000918088123847333,"0"
1174,"0",4,1.55,1,38,12.02,8,32,177.55,46,8,14,25,12,0.696890881865094,"1"
1175,"0",2,15.86,3,10,41.28,7,23,182.11,35,2,9,25,12,0.00402837423884015,"0"
1176,"0",3,2.02,1,24,9.84,5,18,33.67,11,5,7,25,12,0.0846538153875457,"0"
1177,"0",3,10.83,3,18,46.15,13,22,159.45,36,4,9,25,12,0.0337377061253115,"0"
1178,"0",4,2,1,24,9.84,5,18,33.67,11,5,7,25,12,0.190842249251316,"1"
1179,"0",3,12.94,3,16,44.58,10,13,108.42,23,3,6,25,12,0.00810402940312688,"0"
1180,"0",2,1.84,1,24,9.84,5,18,33.67,11,5,7,25,12,0.0365152609712648,"0"
1181,"0",3,24.78,5,12,40.05,7,18,140.83,28,2,7,25,12,0.00167320423797932,"0"
1182,"0",2,5.74,1,14,69.58,14,9,77.33,16,4,5,25,12,0.00557120355152358,"0"
1183,"0",1,10.04,2,4,21.74,4,21,166.15,36,2,10,25,12,0.00636597190754259,"0"
1184,"0",3,25.42,4,10,41.28,7,23,182.11,35,2,9,25,12,0.00183551095157231,"0"
1185,"0",1,2,1,24,9.84,5,18,33.67,11,5,7,25,12,0.0142047024827262,"0"
1186,"0",1,11.7,2,4,21.74,4,21,166.15,36,2,10,25,12,0.00442363891202709,"0"
1187,"0",2,10.34,3,18,46.15,13,22,159.45,36,4,9,25,12,0.0150891966226303,"0"
1188,"0",3,13.85,4,18,46.15,13,22,159.45,36,4,9,25,12,0.0257545520920141,"0"
1189,"0",2,9.03,1,10,19,3,24,169.29,36,2,11,25,12,0.0201516916662528,"0"
1190,"0",2,24,4,14,69.58,14,9,77.33,16,4,5,25,12,0.000319813862381886,"0"
1191,"0",1,7.63,2,14,69.58,14,9,77.33,16,4,5,25,12,0.00213862569518777,"0"
1192,"0",2,7.76,2,4,7.76,2,2,7.76,2,1,1,25,12,0.00142672614130256,"0"
1193,"0",2,1.99,1,24,9.84,5,18,33.67,11,5,7,25,12,0.0353695162520093,"0"
1194,"0",2,32.21,7,14,69.58,14,9,77.33,16,4,5,25,12,0.000167432674026312,"0"
1195,"0",3,15.04,4,16,44.58,10,13,108.42,23,3,6,25,12,0.00751978253446816,"0"
1196,"0",3,9.97,2,10,19,3,24,169.29,36,2,11,25,12,0.0588551810503507,"0"
1197,"0",1,11.13,3,18,46.15,13,22,159.45,36,4,9,25,12,0.00504395187396492,"0"
1198,"0",3,15.26,2,12,40.05,7,18,140.83,28,2,7,25,12,0.00425569492693682,"0"
1199,"0",2,16.6,3,16,44.58,10,13,108.42,23,3,6,25,12,0.00143392839594631,"0"
